100654:2601,233,264,270;4301,234,,305;5202,388,392,300;1101,601,521,301;4201,227,192,255;1419,528,521,271;4407,253,,300;5203,419,354,279;1410,580,613,325;1002,170,201,335;3105,,,327;1310,,,273;5214,,,265;2401,231,246,310;1312,,372,;1408,,473,;5208,,376,;1313,231,275,
100663:5138,545,558,180;2601,258,272,213;4201,282,285,219;5107,354,374,251;5202,455,440,240;1313,306,299,225;5203,486,457,270;5122,301,310,250;2401,290,310,216;5214,361,388,221;4301,329,323,215;2615,,,186;0901,289,295,214;1312,338,350,283;1101,572,606,208;5212,523,521,260;2301,273,275,224;4005,228,297,260;1405,,,227;5208,450,455,190;4407,302,293,250;1419,632,593,203;1408,578,568,258;5007,243,261,234;5401,247,258,208;4510,,326,195;5210,,,224;5005,236,192,248;4511,291,294,265;2701,395,388,236;4502,242,,215;5100,292,,241;1410,664,705,234;1418,736,650,;5009,333,,
100706:5138,519,506,209;1101,635,605,205;1419,633,640,227;1402,,,233;5202,367,440,185;2601,249,260,197;5212,517,488,201;1409,673,598,215;5007,,,253;1410,683,620,221;5208,448,416,;4201,,,248;1435,640,555,280;2701,541,,;3105,218,,200;1408,554,620,190;1407,592,,260;5214,367,318,153;5203,403,383,210;1312,345,368,;0901,227,340,;1401,671,546,
100724:2601,240,170,310;4301,278,282,310;3099,,,224;0901,247,232,323;5202,347,394,312;1312,340,345,323;4201,261,252,310;1104,294,240,325;4407,258,281,332;5203,359,,300;5123,253,239,328;5214,,260,;5005,118,236,290;5107,,252,;1313,299,,502;4005,300,290,;5003,167,,
100751:5214,459,478,215;5208,488,526,233;5138,580,565,200;0909,389,389,249;1419,658,653,240;4201,278,264,233;5202,425,436,233;5203,522,535,222;4510,333,291,233;2601,251,243,239;1905,286,,237;1407,652,680,226;1907,286,291,241;5122,321,,250;1408,615,584,250;0901,341,374,245;0904,318,291,234;0907,317,294,239;1312,379,379,261;5212,669,710,214;5102,218,238,215;1101,701,643,220;2301,282,255,215;5401,302,310,206;2701,466,422,200;5209,339,312,227;3000,297,372,267;1402,652,,268;1410,657,758,238;5213,527,564,233;4407,309,340,241;1909,352,353,250;4005,,,250;5007,254,271,223;1310,377,387,255;5009,277,211,235;5003,194,,;4509,278,337,233;5004,407,377,260;0301,268,372,208;5005,176,,268;3801,,340,;4502,196,208,;5109,,,270;4006,,406,;1313,301,288,238;4507,,416,198;0501,,399,;5206,449,527,215;4301,326,345,233
100858:5202,530,484,208;2601,238,270,233;5208,466,437,195;5214,445,436,195;1419,671,688,233;5138,561,571,204;4201,228,283,191;1101,624,534,250;5004,379,393,251;0901,305,383,186;5203,541,534,213;1408,579,569,218;4901,,,205;1312,368,372,217;4510,350,313,205;0909,345,355,230;1409,632,657,200;0109,379,335,195;1435,666,652,233;1909,386,340,205;1407,753,746,226;5213,544,,233;1907,256,299,215;1310,357,345,220;1402,631,614,204;1410,723,658,225;5102,,,150;0402,505,521,280;2301,315,329,228;1313,375,357,218;0904,310,396,192;5107,344,461,240;5401,280,351,208;0101,474,419,205;2605,,252,218;4506,419,416,;5209,424,427,245;3019,,220,250;0306,263,284,218;0100,,,171;3000,345,206,218;4005,,,162;4407,340,293,205;0111,371,409,178;1609,,310,;2703,,521,190;0305,470,405,188;5005,,,218;4006,,,260;4511,326,366,195;4404,357,356,;5009,,394,;5007,198,252,;2701,,388,;0405,,461,;1499,,742,;5210,403,386,
101480:5138,586,579,153;1312,348,364,230;2401,263,297,256;5202,354,380,250;5100,262,214,276;2601,257,252,209;5214,326,308,183;0901,280,278,244;4304,,,233;5009,346,366,280;4407,306,305,250;4201,275,246,260;5203,402,374,202;5109,,,200;5007,201,228,245;5208,385,351,150;1101,401,487,225;4301,292,305,258;1310,,366,231;4005,,215,;4510,325,,;2301,266,323,224;1313,308,351,;5401,374,315,285;2701,369,308,;4506,,329,
102049:5138,574,549,250;5120,,,110;5214,391,377,180;5208,403,529,190;4201,,269,;0904,380,347,181;1907,216,240,;5202,443,419,228;1312,373,371,205;5100,,,239;5004,,340,233;3105,280,293,
102094:5138,567,556,200;2601,246,229,260;1312,358,353,250;5111,289,265,280;4201,232,246,236;1313,253,322,260;3000,285,321,254;1419,613,662,240;0901,297,288,249;5202,312,352,235;5203,402,362,260;5214,345,352,250;1107,415,630,258;5109,473,487,255;4301,312,328,258;5007,244,250,301;5208,328,380,270;5102,,177,220;5209,288,,181;1101,422,513,263;2301,314,235,212;4407,327,302,285;1408,585,584,264;5401,260,301,260;1410,699,682,225;1407,702,615,201;4510,184,260,;1104,431,465,280;2705,355,,225;5009,,,226;5201,408,329,294;1409,,,250;1601,,269,220;4502,216,195,
102368:5202,415,437,250;4201,310,278,260;3099,,,230;4301,380,337,248;1312,366,365,250;4407,323,301,281;1101,521,491,250;5138,544,544,216;2601,198,217,239;3105,288,260,257;0907,277,240,250;4510,333,329,251;0901,188,211,230;2301,,183,248;4501,319,360,260;5123,,,285;5203,397,371,250;5007,,,258;5401,,368,275;4511,399,257,323;1313,388,383,;2701,,340,175;0904,,238,;5201,408,401,250
102377:5138,560,591,295;0109,206,,270;1419,610,671,305;2601,222,275,300;5202,478,521,280;5100,,,325;4201,231,240,283;1407,629,668,;1410,662,685,283;1402,498,553,;4510,,264,;0901,,,250;5208,,573,;5203,,433,;4511,,201,
102553:5138,731,721,208;5202,480,473,225;4201,353,376,165;5122,360,,181;5203,544,558,168;4901,446,450,251;5007,341,228,249;1419,597,610,160;2601,278,252,;1408,555,663,235;2301,299,260,219;4407,348,399,318;4301,368,416,;5401,301,317,;5214,,432,173;1410,779,,;5208,466,473,;5110,,612,;0301,,297,;0904,355,416,;5220,807,723,;3020,,313,;4511,377,,;4006,,348,;1312,425,433,200
102614:5202,444,308,345;3099,352,207,230;2601,218,260,178;4303,441,,;4201,266,313,229;1312,432,427,125;1419,627,682,180;4407,,302,250;0306,,252,;1408,678,640,145;5203,462,438,;1410,626,,;0901,,272,
104151:2601,283,295,188;4201,332,331,195;5202,515,522,205;1107,727,776,195;1312,404,387,162;5208,533,567,173;0901,400,398,192;5138,664,657,219;5111,309,342,229;4510,376,401,195;5214,449,494,162;4301,376,379,202;3105,318,275,185;3099,391,393,214;1419,662,663,190;5203,519,560,169;2602,314,302,188;4407,350,365,178;4506,466,478,165;1410,706,695,243;5004,381,429,207;2301,322,328,214;1101,608,646,150;5213,578,630,175;1401,636,687,255;5007,286,263,200;5006,273,257,193;0904,352,374,183;1310,412,389,171;1405,560,538,210;1407,654,610,205;5207,416,383,140;4901,377,381,214;0909,316,,195;2200,352,340,225;1409,714,758,250;1402,646,635,254;0301,356,389,185;1408,633,596,225;2701,407,488,193;3020,362,395,188;5401,368,303,235;4005,343,366,214;1510,,,209;1003,368,364,190;4511,355,355,220;1435,687,668,192;0907,,,218;4502,272,302,200;5102,250,264,194;0402,417,360,200;5107,,,154;4001,358,,217;0403,423,355,234;5005,214,225,189;1110,589,,313;3801,368,383,242;2401,408,459,233;2605,329,336,183;2615,,,195;4405,371,366,195;5100,292,,240;4008,355,412,215;1609,331,303,203;4507,393,398,243;2703,501,488,173;5211,,,160;5009,159,162,215;5122,385,,215;5209,370,369,150;1418,665,668,236;1515,657,658,281;1414,,431,197;1905,305,319,216;0502,284,294,205;1603,317,313,185;1313,407,394,;5001,272,342,215;5003,295,304,234;0406,466,452,218;1436,,,234;4501,,376,;2313,494,376,235;3802,320,,210;5220,702,708,
104179:4201,308,328,195;0901,413,418,189;3000,324,353,225;5202,481,462,238;5138,638,646,215;5208,573,600,195;5122,324,320,210;5214,468,517,215;1107,726,792,220;5212,615,635,198;4510,329,340,205;5210,513,504,195;1312,383,368,180;3019,248,256,230;5203,548,552,216;4506,447,444,195;0301,317,314,215;1609,318,306,150;2615,224,308,218;1101,469,442,234;4227,,,192;1907,318,319,195;1419,658,633,210;2601,269,258,215;2604,283,275,175;1410,731,727,210;5007,286,229,188;1108,331,334,222;5401,241,288,224;2701,493,484,188;0904,336,356,205;2602,290,282,183;2313,223,240,209;4006,393,473,243;5006,276,322,205;0501,306,282,238;1407,715,612,210;5206,484,608,205;2301,264,265,187;5102,287,249,161;0403,400,368,249;5207,581,521,244;1405,507,560,190;1402,476,677,230;2605,,317,200;4511,328,340,184;4008,665,648,205;4502,265,290,219;4507,,367,240;5005,246,234,237;3020,295,271,250;5009,266,264,147;1408,639,630,179;1601,248,264,;5003,169,183,199;0502,258,329,254;4002,,,252;0101,453,480,231;4005,361,406,242;2613,,220,;3801,329,262,198;1313,380,364,253;0109,267,311,185;4404,391,363,202;1310,326,322,195;3802,,252,;1515,637,732,248;1605,,234,;0402,489,457,;4303,351,347,201;5111,222,,
104717:5138,789,775,172;5202,474,455,250;1312,348,314,309;1310,350,345,408;4407,358,322,282;5107,400,403,323;5214,398,361,240;4301,357,367,266;1101,,,270;3105,327,304,250;5203,451,432,250;5110,571,591,233;2601,272,277,260;4303,636,601,256;0901,321,331,250;5208,453,524,245;5401,307,364,272;4510,371,,269;5207,347,340,270;2313,,,215;5004,,,270;5006,264,286,271;5213,,,215;5001,287,252,265;5209,,,232;1419,,,270;4304,,410,270;1410,,,288;5010,239,,270;5005,172,252,238;5109,298,372,245;1313,325,351,253;5009,,323,;2314,217,306,
105330:2601,284,303,205;5138,637,634,187;2401,357,368,143;4201,284,304,206;1312,389,367,166;4504,323,343,195;5202,434,449,185;3105,269,281,180;4407,339,327,200;1313,384,377,205;5208,478,479,204;0909,323,346,205;5209,380,393,188;5122,373,408,202;5214,415,417,205;1419,588,594,234;1107,692,761,265;1310,395,379,201;5004,328,337,233;0907,234,278,251;0301,265,258,211;3000,284,297,253;2301,228,226,168;0901,359,331,175;5203,451,518,190;5220,677,682,226;4510,309,330,195;5106,576,611,206;4005,293,352,201;1408,627,543,252;5212,502,593,215;4511,296,303,233;0305,296,376,227;4502,254,260,218;5401,194,282,208;1414,551,484,270;2701,283,354,175;1410,672,749,195;1609,266,357,195;5009,288,240,;5206,431,484,227;0904,272,293,181;4006,301,297,213;2605,315,335,233;1601,226,,205;4509,265,351,195;5006,296,294,198;5007,,192,186;5005,237,212,220;4008,,376,;4507,,444,;4404,375,,
106397:5202,511,525,210;5208,517,525,215;5214,457,477,209;5138,610,593,195;0901,371,358,195;4201,279,329,221;2601,267,294,219;5203,504,506,246;1419,623,588,218;3105,303,333,230;0904,363,369,215;4510,283,329,236;1312,420,377,249;5122,295,266,230;1107,,,207;4301,289,373,231;5213,539,584,225;0101,450,509,174;0109,302,348,216;1909,370,423,248;5102,222,326,224;4511,246,335,236;5004,468,,228;1407,720,783,205;1408,588,568,250;1435,670,719,254;4005,,264,226;0402,442,448,263;5401,295,297,243;2301,240,281,195;1405,,473,270;4407,317,288,250;5007,263,306,215;1905,345,330,213;5206,449,383,194;1410,714,688,156;3000,,,279;5211,541,459,187;1609,251,372,215;1907,250,283,215;4509,,252,205;0301,340,315,228;1313,,400,;2701,407,534,165;5009,364,,263;4502,241,217,223;4506,392,406,;5201,561,,203;5210,434,367,250;1409,670,710,260;1101,678,691,260;4006,,,225;0406,,473,;4008,,573,;0106,,318,;1301,277,265,225;4507,,405,
109651:5004,400,509,310;1515,581,,356;1003,631,383,370;5006,217,208,288;1508,610,817,503;5007,245,201,
109785:5138,902,896,250;4201,247,266,215;3105,,,205;5202,460,437,230;2401,376,342,245;5001,,225,235;4407,343,327,245;0909,,,185;4301,,,204;5009,269,246,220;5214,418,396,202;2601,,333,270;5203,545,608,180;2301,244,204,215;0901,366,345,204;5201,518,484,;5007,262,290,215;5401,292,329,;4510,,,260;4511,272,291,201;1101,618,587,258;0501,218,319,;5211,514,521,;1313,251,328,255;5100,483,,;5199,219,316,223
110097:4201,254,271,233;5138,785,746,290;2601,274,252,250;5102,316,266,265;1312,375,308,256;2301,180,317,245;0904,316,277,270;4511,289,254,250;5007,246,248,270;5009,288,394,264;0909,379,340,200;3105,,,258;5203,429,,239;0901,302,358,215;1107,714,473,249;4510,,402,243;1301,,,240;0907,274,302,215;5201,371,447,215
110404:1107,1297,,;1419,,832,
110413:4201,280,290,230;5202,437,488,230;3105,207,220,240;2601,265,252,226;0901,312,311,208;4504,,,183;2401,218,340,200;1107,632,580,218;5203,627,555,221;5213,694,,247;4510,,363,198;2602,,340,161;5009,189,181,260;2301,,218,240;4511,,313,;4301,425,363,200
110422:5202,636,643,166;1419,748,740,205;0109,304,327,205;1107,914,,195;2601,326,385,230;1409,915,940,206;4201,298,317,189;1410,795,796,235;1408,724,726,204;0302,310,403,195;5220,836,,185;0101,553,571,160;2401,387,297,175;1402,742,765,225;1405,727,736,205;4510,316,372,178;1003,494,524,180;0901,405,335,149;3105,298,,150;3019,334,,172;1435,726,736,197;4511,399,412,165;2701,467,555,166;2301,314,351,235;5401,279,354,158;0904,399,386,195;1312,345,319,183;5007,394,451,179;4506,511,591,175;4008,301,615,239;0111,505,449,150;1418,627,682,170;2705,497,555,179;0305,354,408,173;2602,373,326,175;0403,535,484,193;1414,595,630,205;0100,472,333,219;0406,442,480,226;4005,,,153;1436,689,,;4006,365,,150;2605,,369,217;5005,,236,;0402,557,559,275;1101,882,1205,;1313,279,306,;1905,209,346,;3103,394,440,;5201,585,617,
110486:5202,335,365,;2401,188,206,;4201,239,287,;4301,285,309,;4511,251,304,;3105,,207,;5138,812,805,;0901,325,323,;2601,256,279,;5401,,228,;2301,,286,;1107,,509,;5007,,158,;4510,,247,;4506,385,497,;1409,,456,;0302,,587,;4005,,326,;4404,,340,;1907,226,235,
110495:4201,260,281,138;5202,397,392,130;2401,253,264,136;4301,317,349,120;4511,291,269,110;5138,982,994,220;3105,212,266,155;1312,254,269,138;2601,334,346,141;2301,237,318,130;1107,388,499,127;4501,265,329,148;0901,271,351,160;5401,266,220,103;5100,403,,124;4510,,188,150;1609,252,,;5007,160,260,154;2701,,,123;4005,338,269,;4502,299,252,
110510:5202,367,379,126;4201,242,259,125;4511,268,299,126;4301,309,320,150;2401,244,248,149;3105,254,262,150;0901,267,303,151;2301,187,224,144;1101,393,470,168;1907,230,215,;5138,790,887,180;2601,260,230,154;5100,333,304,176;5007,225,205,155;1107,403,582,169;2701,288,353,151;5401,206,169,131;4407,377,405,110;4510,313,311,166;1409,515,478,182;1609,222,240,109;4005,340,340,163;4506,289,335,170;0301,270,215,;5005,221,183,;4502,246,,127;5004,287,340,157;4501,296,340,;1313,,240,;1312,244,262,126;2313,181,183,163;2602,294,396,;4227,262,267,181;5107,304,348,161;5131,330,297,162;5203,361,402,144;5207,364,327,200;5208,397,357,125;5210,334,363,125;5211,362,351,;5214,353,349,127
110529:5202,422,438,155;4201,246,267,130;1408,672,642,165;1419,682,679,169;4511,303,361,130;5209,356,384,150;2601,295,310,175;1107,592,644,157;0901,321,351,147;1402,707,641,258;3105,253,284,150;2401,246,256,130;0109,314,311,152;1410,681,699,180;0402,562,553,280;5004,343,320,208;1409,656,635,200;4510,269,306,150;2701,323,379,157;1407,642,683,213;1909,351,340,116;2301,211,215,113;3019,257,,165;4005,376,374,233;5401,254,301,150;0406,457,491,185;1508,584,,244;1435,654,673,250;1510,753,773,165;4506,370,376,87;1313,280,308,213;1436,638,693,190;4008,323,500,230;0403,505,473,150;4507,341,,130;5009,210,293,178;4502,243,246,95;5005,220,114,;2613,324,326,127;1609,176,275,;3801,202,,;0111,364,340,114;0101,287,351,175;0502,244,,149;1503,613,615,150;4006,497,427,194
110538:5202,451,492,168;4201,260,283,150;2401,211,262,157;3105,231,283,205;4511,315,317,140;4301,338,330,150;5138,941,958,165;5122,,,205;0901,334,370,161;5004,214,240,182;1510,,,208;1408,678,696,211;2601,299,335,176;1107,728,742,200;0101,458,461,113;1101,639,594,190;4510,352,278,200;2301,237,188,150;1419,689,662,224;0109,313,294,176;4407,330,301,158;5009,181,206,235;4501,266,332,140;5007,279,282,150;5102,229,275,161;5401,168,279,168;3019,373,,173;0100,,451,148;0904,378,343,186;4502,223,201,183;2701,,329,165;1499,688,664,225;4506,,417,183;5100,371,330,193;1515,608,573,175;0301,321,288,205;2602,296,252,220;0501,283,280,165;1609,283,310,172;2605,394,360,235;4507,372,215,;0111,436,452,138;4509,312,340,150;1409,657,783,;4404,415,,;3801,,308,;4006,,428,;1503,712,702,188;1905,268,343,174;1907,240,273,167;2613,321,286,;5203,547,477,169;5220,782,831,193
110547:5202,403,408,147;4201,282,271,125;4511,300,320,149;4301,329,332,124;1312,304,282,111;2401,294,252,150;5138,1023,939,100;3105,288,252,155;0909,,361,134;2601,233,267,180;1107,430,603,166;1101,436,416,188;5007,178,,;5110,240,869,196;4404,371,432,173;4510,236,340,111;0907,215,288,130;2701,312,,123;0904,,252,;4502,,333,;5401,245,220,115;1609,,261,;5005,178,,133;5004,227,308,;0901,335,246,172;5210,406,451,;5107,358,380,165;5199,277,262,125
110556:5202,402,387,158;4201,240,234,140;2401,202,232,134;4504,305,299,99;3105,248,265,144;5138,840,852,180;4511,268,252,110;2601,267,260,155;5100,374,383,;5102,231,240,171;4407,315,295,123;0101,490,473,133;0901,290,313,149;5401,240,264,185;2301,215,183,138;0109,360,286,175;1419,555,602,129;1313,360,379,150;1408,604,597,153;5007,202,252,154;0111,533,506,117;4510,298,267,117;1609,234,,92;1107,414,543,185;5004,245,332,197;0502,,215,;2701,232,412,;1510,664,693,138;5005,197,,124;4506,,318,;1409,669,630,240;4502,,215,150;1410,694,700,259;3801,320,297,138;1312,246,250,150;4005,,207,175;1601,,244,;4006,,504,;3019,317,,110;1101,370,482,150;4301,292,302,138;5109,331,383,;5122,283,292,149;5203,393,427,150;5208,455,433,109;5210,403,397,183;5211,349,356,170;5214,344,392,176
110565:5202,431,444,140;4201,279,297,125;0901,343,371,130;3105,270,255,143;1312,,,130;5138,866,860,125;5007,260,291,159;4511,305,335,134;5122,,,125;4301,327,349,110;1107,552,671,138;5102,242,252,148;2301,237,258,139;0907,255,288,165;2401,202,220,126;1419,591,628,189;1408,592,601,133;4510,296,325,149;5401,251,300,138;5005,260,238,150;5009,182,180,180;2602,280,389,182;1410,674,656,190;1409,651,,165;5100,307,316,150;0502,266,270,195;5211,407,367,216;0501,267,314,175;1609,297,308,73;4006,322,372,166;4502,291,,164;4506,414,527,138;4507,293,283,;4404,421,427,130;5003,,201,247;3801,265,267,;4005,373,313,174;1601,218,222,130;1104,440,493,131;1313,156,290,143;1907,286,278,125;2604,306,241,128;2613,240,,174;5213,556,427,124
110574:5202,496,477,161;4201,363,376,150;5100,393,397,172;4301,393,361,150;1907,396,391,175;1107,597,654,110;3105,324,335,189;4511,386,355,178;2601,376,413,183;5138,995,1136,147;0901,353,420,180;5007,290,328,166;2401,366,404,142;2301,287,264,149;4510,370,444,183;5209,427,368,186;5220,801,803,;5102,318,297,;5401,,201,200;0502,,,139;4506,,345,;0301,396,521,;2602,415,,;4509,356,,
110583:5202,412,441,150;4201,269,288,120;5007,260,255,165;0901,341,346,138;4511,295,305,127;2601,246,284,130;2401,295,329,150;2301,232,300,144;3105,251,265,140;1107,607,628,149;4301,312,336,150;1419,614,650,166;5138,838,858,167;4510,260,334,142;5107,394,413,110;5401,266,279,138;2701,238,390,180;1410,671,673,190;1907,273,307,135;1408,625,609,159;5004,401,435,165;0502,259,299,123;1402,664,608,258;5009,155,156,211;0904,298,351,150;5005,200,199,150;1407,477,582,162;5209,362,340,125;4502,211,260,112;4506,369,402,183;4407,326,340,117;2602,352,323,110;1609,291,279,95;1409,687,685,171;1510,837,812,180;1601,236,273,115;4507,360,279,180;0909,,,230;2613,343,,178;5003,216,168,205;0501,302,313,153;5102,259,313,123;0301,300,343,140;4008,436,351,187;1405,657,739,155;4005,330,351,124;5206,398,421,183;3801,,302,129;3020,284,,150;2605,415,438,;4006,499,509,;5109,,,248;1603,237,252,;3802,,340,;1503,464,521,;0907,239,234,150;2313,225,241,150;5122,278,345,132;5131,249,343,132;5203,451,495,146;5208,449,433,147;5210,432,395,130;5212,438,504,125;5214,391,390,138
110592:5202,388,395,130;1312,320,288,110;4511,291,302,122;4301,321,333,110;4201,,,206;3105,250,259,141;4407,338,327,110;5007,215,232,185;5122,326,297,125;5138,907,875,125;1107,551,412,144;2401,259,265,150;1419,562,509,125;5102,310,257,119;2601,294,324,125;4510,343,290,99;0907,254,224,160;1101,428,484,132;2301,269,290,145;1408,614,615,165;3019,,,140;1410,642,591,145;5401,275,376,148;5123,288,294,125;2602,354,220,162;2701,,353,132;0502,214,,220;4502,303,252,142;5005,230,146,106;4302,431,397,125;5009,182,,123;4005,340,,;2605,,,150;3801,278,,;4506,326,,110;4507,,340,;2313,298,326,125;4901,342,388,149;5131,315,266,
110608:4201,275,265,127;5202,400,416,142;0907,259,271,142;3105,266,298,149;4301,,,110;4511,299,335,125;5214,374,394,134;0901,332,351,140;5122,341,349,137;5007,236,248,140;2601,217,252,150;2401,292,336,143;5208,439,419,125;5203,588,612,150;1107,648,750,163;0502,262,275,150;4510,288,293,140;1419,648,668,170;2301,281,286,168;5107,387,407,143;5138,898,921,150;0904,274,317,143;5009,178,226,150;1101,541,463,180;5401,279,247,150;5102,215,225,158;4506,407,399,125;1410,689,731,164;1408,562,531,198;2701,450,473,110;5005,204,197,152;5109,833,837,189;4502,231,252,159;5209,314,317,150;1409,643,710,183;4507,419,284,125;1601,184,277,;1609,,297,152;4404,652,,364;1510,799,752,;4005,318,,;3801,296,334,;4512,331,406,120;3802,256,178,;1437,460,448,160;1907,304,265,110;2604,271,416,193;2605,454,,;2613,186,297,203;4407,327,334,124;5004,294,308,;5006,275,279,183;5212,549,579,211;5215,355,284,
110617:5202,437,464,135;4201,297,309,150;4301,336,382,131;0901,369,360,150;3105,289,322,170;1107,625,672,150;2601,348,340,149;4511,309,363,150;4407,335,326,168;5138,1059,1085,138;1419,594,630,165;2401,240,298,150;4506,418,427,155;5100,408,427,150;2301,280,272,150;1408,662,644,180;4510,342,388,159;5102,258,239,163;5401,259,293,185;1410,731,706,165;0502,248,326,150;2701,372,383,167;5006,238,271,156;0301,392,380,200;1409,700,783,175;4502,284,325,188;5004,371,340,158;5007,229,264,152;0405,443,501,165;5009,216,181,192;0904,308,348,200;4005,,427,263;4507,409,311,160;2602,456,410,165;1609,291,252,180;4501,313,377,161;5005,184,192,164;4006,457,555,150;3801,216,,148;3099,,427,;4008,404,,;1907,283,295,156
110635:1107,1253,1254,138;4506,713,704,127;2604,353,336,135;1101,,,136;1410,1264,1289,137;4510,405,452,130;0301,413,467,128;5202,740,815,113;4227,302,,123;4511,422,413,130;0901,483,475,111;2703,713,654,145;3025,623,487,146;2301,316,344,130;2200,395,455,130;5122,444,401,117;1419,738,755,130;2601,363,321,130;0502,263,405,151;4005,474,412,111;2705,702,693,154;5401,317,327,130;0402,522,513,150;3020,,,156;1408,693,714,143;1407,708,807,182;4502,286,286,126;3019,286,326,142;4008,439,412,150;1601,297,,140;2701,475,521,185;1405,536,630,149;5007,275,317,125;4407,429,396,130;3801,239,208,133;5006,313,,150;1609,400,383,116;1437,,765,;3099,377,421,145;0501,404,408,148;2313,411,383,130;4002,,368,195;2605,383,416,145;5009,,244,128;5005,311,318,150;4512,503,484,150;3022,,297,;4201,394,409,
110644:4227,299,332,129;5213,,,120;4506,442,476,125;2615,282,300,129;2601,288,322,130;0109,280,287,130;4510,325,371,137;0901,389,409,130;4511,317,341,126;5004,380,383,149;2705,472,476,149;0301,347,414,150;2602,356,375,110;3025,367,,150;2301,255,295,135;0502,305,323,140;1419,644,673,139;3019,315,287,142;1408,642,675,160;4509,321,345,125;1409,815,824,127;1609,336,309,142;5401,312,276,133;2608,330,367,138;1405,517,509,160;2703,280,394,130;4502,250,303,140;0306,233,,150;2701,438,329,119;2605,313,386,110;4005,432,388,130;5006,202,225,175;1402,610,615,187;5007,233,278,140;2607,285,,;1407,575,624,158;5120,328,326,131;4008,252,345,144;3801,347,290,130;1601,254,259,138;2604,304,368,120;1603,327,310,145;2613,245,,196;0103,331,361,110;0111,,369,;1418,554,,188;5005,250,207,130;0501,,,142;4006,351,390,160;1401,745,704,149;5009,248,,165;1101,765,816,140;2401,355,286,;5206,475,518,129
110653:1107,708,731,150;2601,206,216,155;5206,406,415,150;4227,276,300,130;5122,305,297,171;4506,402,356,150;4504,290,298,154;4201,287,242,149;5202,479,493,130;2701,380,473,170;1419,599,536,148;1301,258,243,159;4511,291,298,150;1409,681,693,190;4510,296,330,160;5006,281,233,160;1405,512,484,168;3020,328,360,150;2301,235,235,164;1408,623,627,178;1101,505,665,200;4005,349,408,130;5120,181,171,153;1402,520,550,184;5007,239,261,157;4008,334,,136;5005,224,195,162;1407,553,521,183;4512,291,340,151;1410,674,654,190;5401,203,267,152;1108,358,,218;2615,179,240,185;3099,305,257,168;5212,558,653,165;0301,344,264,125;4502,260,260,160;5003,222,282,201;5138,726,819,135;4006,279,329,149;1418,,,75;0502,264,252,190;3801,,246,213;1414,524,,;0904,282,291,172;4501,324,351,163;1609,279,225,90;1603,172,329,
110662:4506,527,519,150;4511,327,346,145;4510,351,382,150;4201,301,316,144;2601,242,255,155;4227,245,249,166;2703,517,495,144;2301,271,295,135;0502,263,287,148;5401,258,258,135;2604,225,288,153;2705,561,525,158;3025,438,427,130;2602,301,286,148;4502,312,305,146;2701,507,538,149;2615,298,335,167;1419,689,673,165;2605,274,329,145;1410,789,839,170;5007,207,299,140;1601,349,279,150;3801,,293,150;0301,369,416,178;1409,1101,971,135;1408,629,686,175;4507,367,372,133;1407,562,630,170;4008,429,340,210;5009,195,185,200;5005,251,262,168;1609,331,276,140;1405,,610,145;1402,667,601,190;4005,345,365,110;5138,882,907,194;0501,224,340,171;3020,432,438,120;2613,249,,174;5004,395,400,190;1603,268,340,139;0402,,313,;5003,144,,193;4006,252,252,;2314,,252,133;5006,254,340,161;3099,369,440,148;1101,1171,1109,152;5206,659,682,173
110671:5202,364,391,165;2601,189,234,190;4227,235,,177;4511,261,284,163;4506,358,389,177;4510,285,280,180;1107,566,,190;5006,213,255,205;2701,238,291,181;2602,208,195,170;2615,191,,190;2301,214,250,181;5401,220,231,193;4502,241,236,213;1419,542,599,210;4509,269,303,188;4405,281,272,192;2401,185,252,156;2604,222,340,180;1405,437,492,200;1609,199,281,177;1410,664,661,193;1407,445,495,172;4005,307,368,215;5007,233,242,167;2313,192,221,208;3801,269,273,190;1409,676,696,251;2605,369,297,139;0502,225,261,223;0301,333,304,163;2705,408,,215;4008,,340,190;1601,249,247,175;3033,174,,193;1104,,,244;3020,205,,205;1414,573,427,181;0501,,246,;5009,,115,265;5003,,356,;3099,230,,;4201,246,243,;5206,343,366,180
110680:3025,391,419,174;1107,877,870,162;3020,415,411,155;4506,424,463,147;4510,286,333,150;4005,386,394,161;5122,302,337,150;2601,261,298,175;4201,282,308,154;0901,342,394,132;2701,402,397,163;1410,711,696,200;2615,294,284,190;1409,795,797,184;5213,475,484,151;1419,627,678,200;2703,548,383,152;2613,240,262,184;2602,339,360,174;4511,300,308,130;1407,537,525,185;4227,296,158,148;1408,605,582,164;1907,259,308,190;1405,453,560,200;1402,605,612,200;0301,291,297,180;5401,270,300,168;5001,222,188,150;1601,254,224,145;4502,297,244,135;1499,551,521,190;2705,421,,186;4008,415,450,180;2605,333,,138;5005,193,260,145;5007,181,297,148;0502,303,240,242;4512,414,397,155;0501,259,,110;3801,,,150;2301,348,264,136;5009,225,283,195;5004,,,166
110705:4511,287,307,135;4506,595,608,134;4227,290,309,145;0901,411,419,130;2601,304,336,145;0301,330,376,162;2705,467,477,172;4510,354,339,150;2703,498,595,170;3020,352,347,147;2301,294,297,169;5006,271,291,150;1107,863,816,135;4008,499,521,160;5401,265,309,143;4502,289,276,180;5007,216,270,155;2701,412,448,170;1601,268,310,130;3801,255,313,150;4005,403,466,158;4507,327,340,140;0502,290,333,133;1419,687,605,150;2602,286,215,118;1409,837,768,144;1410,704,721,155;1609,230,383,166;2613,268,213,128;2604,252,252,190;1407,615,595,149;4006,368,260,163;5213,542,521,111;2605,379,394,165;5005,247,215,167;5009,227,,;2607,245,207,;3802,264,,165;0501,199,304,227
110714:1107,630,635,165;4201,274,284,189;5206,468,516,165;2604,343,330,185;4511,278,291,157;1601,237,248,167;2601,291,311,205;4510,294,347,167;5006,242,235,157;4506,415,444,180;0301,281,299,185;1409,752,792,234;2200,369,347,179;3025,333,302,190;2613,264,244,176;0502,293,286,195;2701,303,319,191;5004,316,,;4502,270,277,160;5007,233,227,195;1110,547,602,200;5401,246,255,181;2615,235,335,190;3801,287,244,150;4005,382,369,150;4002,,,204;2602,390,351,190;4008,366,,163;4006,361,390,208;1410,664,693,168;5005,203,212,195;5009,,264,;1609,294,201,151;0111,292,264,;1405,535,488,230
111081:5009,176,,195;5005,246,224,270;5006,230,201,270;5007,188,,270;5004,,498,;5003,228,152,
111188:4903,751,944,260;1419,831,790,197;1508,957,662,248;5202,475,521,205;4509,409,474,255
111948:5202,475,509,196;5006,334,376,185;4201,230,323,205;5122,232,368,231;0901,330,316,188;5005,248,240,225;4510,390,383,205;1301,259,258,215;1107,589,693,218;5203,619,657,209;5206,552,521,230;5003,181,195,236;0909,435,458,223;2601,195,278,205;5009,218,169,270;2313,239,258,;2301,,297,229;5004,447,521,238;4511,250,244,200;0904,368,392,223;5401,,260,;3801,389,,;1609,,252,205;2701,,351,;3105,235,291,
112075:5138,857,862,203;5202,370,414,260;3105,289,192,270;4201,236,281,250;2401,198,311,250;2601,284,,270;0901,336,347,248;5401,,258,241;2301,,,218
112260:4506,956,878,120;4510,,410,
113698:5138,898,886,270;5202,530,461,250;2601,370,,270;4201,406,,270;5100,,,270;2401,353,,
114813:1313,,,219;5202,468,452,223;1907,267,290,230;1312,283,301,230;4407,328,,238;4201,239,260,230;5107,,,249;3105,228,,;4301,314,,;5138,852,1008,;5210,430,500,250
115409:1401,819,820,222;1107,1233,1426,229
115755:4201,241,232,150;0301,266,249,150;5202,322,363,154;2601,255,278,199;0306,240,212,219;3105,216,256,198;5007,209,183,182;4407,269,282,183;1414,519,483,250;2301,201,214,168;2401,250,213,160;3099,222,225,159;2607,237,163,201;4504,306,286,165;0305,408,383,210;4510,254,279,183;4005,343,,240;5401,209,260,150;1107,405,538,176;4502,225,212,180;4006,339,279,199;4511,229,252,148;0904,228,233,200;2701,244,,;0303,291,297,;5006,,,221;4507,300,237,150;0502,254,,150;5009,,252,;1609,,221,157;4506,340,,;5005,,175,232;0111,,399,;3801,,222,;0302,252,294,;2313,253,283,158
117140:5202,494,506,243;4201,238,293,233;1313,232,233,221;4504,338,297,260;2601,258,215,250;1101,,,241;4404,,601,257;1907,283,275,260;4511,316,244,232;5203,462,553,280;0901,338,326,227;4510,213,329,220;2200,369,383,279;2301,,264,268;5007,,240,;2401,295,310,230;0907,,297,;0904,,267,
117946:4201,254,283,195;5214,480,508,249;5005,236,286,200;0901,394,401,178;5208,565,604,195;4510,356,372,205;4506,500,473,201;5006,291,327,226;2301,338,351,220;2601,255,160,233;1101,705,728,260;5207,396,354,176;5007,245,368,224;4511,291,344,178;5202,,,219;4509,,,195;5203,662,672,148;1419,674,573,210;1408,676,680,270;1609,288,201,195;2401,449,422,;5401,,319,;0502,298,,231;1003,,304,;1002,,383,;5003,,,228;4512,,244,
118693:5202,460,473,220;4201,343,,215;5214,458,427,233;5208,569,463,233;5203,625,663,270
119173:5138,847,817,250;4201,316,229,;5202,371,483,313;4511,318,311,289;5006,,,262;4504,,286,290;1907,307,252,260;4405,377,465,;4407,,,300;5203,455,,274;2601,227,264,280;2602,,416,;2301,,274,290;4227,328,,270
119605:5138,856,844,339;5202,544,519,281;4201,366,400,281;1312,396,359,313;4301,538,427,250;5122,376,397,342;4303,717,457,234;1110,656,563,328;4511,357,335,277;5107,469,416,351;5203,440,424,312;5110,511,427,279;1107,698,729,318;2301,,270,233;5401,445,,297;5100,471,397,283;4404,612,746,292;2401,,,250;0909,,473,277;5212,631,739,287;1313,,,367;1436,,783,;3000,355,399,313;3105,,509,;2200,,473,;5109,945,813,
120184:5202,501,582,255;4511,296,297,265;4201,334,302,269;0901,298,397,
120254:4506,465,551,230;4509,383,361,193;2601,250,269,263;1107,,,221;3025,382,,;4510,424,378,257;5006,,,205;2602,221,,260;0301,299,372,;2701,467,573,;0501,,394,;2301,348,,;5007,,260,;4511,,416,213;1609,158,351,;4201,259,300,198
120883:2601,,,215;5202,472,527,195;3099,,1416,155;1107,581,623,230;3105,294,,195;4201,245,218,240;2602,,,253;5106,757,,;1405,,340,228;1419,634,521,280;5102,,297,167;0901,,319,185;1409,,740,;4510,179,,;5210,,,281;4511,330,252,250;1312,460,445,227;5009,,,260;1408,,688,270;1609,269,,235;4506,,444,;1515,,693,
121150:5202,536,578,270;0909,468,462,241;4201,324,340,226;3105,,267,233;2601,226,,254;4506,518,473,243;4510,414,465,236;5211,512,587,;3020,,351,257;5203,594,625,;0901,375,394,195;2401,,457,;0904,318,389,;2313,,297,230;5208,,573,;5005,239,184,195;0907,279,383,211;0502,,318,
121257:4510,344,,;0301,292,,178
121309:5138,854,852,248;5202,422,,188;1907,263,201,150;4201,256,302,220;1312,,,250;5109,247,281,262;2601,283,258,250;4301,,,145;5214,,461,;1101,,,250;5208,,668,;0901,341,329,215;2602,,264,270;5203,,637,;4511,357,,;0904,,419,
121345:1107,1107,1287,;4506,670,772,;4405,,297,
121691:5201,637,535,372;5202,511,532,270;4201,208,326,250;3099,,,270;5102,229,252,240;0301,349,252,259;2601,342,284,260;4510,,221,260;5009,,,270;1609,,311,270;2301,,297,269;4511,271,,245;5004,335,,;5007,,290,;4405,,,270;2401,184,204,;2701,,282,;4506,,204,;2313,220,206,;5203,638,643,270;4005,358,,
122409:5202,390,417,150;4201,257,241,149;4301,315,279,135;3105,245,261,153;3099,289,270,152;0901,345,335,150;2601,330,295,180;1107,630,663,169;5007,230,169,103;1419,660,651,195;2401,257,205,128;1408,635,623,198;5138,892,874,174;4506,428,417,153;4511,318,258,125;5122,,,150;5102,239,229,140;0904,338,313,150;1312,261,272,127;4510,300,310,174;0301,333,372,127;1409,733,705,172;2301,242,297,151;4005,410,405,180;3019,,,178;1410,724,698,180;4407,346,323,150;5211,416,419,131;1609,261,215,150;0907,241,207,153;4404,350,340,150;1402,619,630,234;5401,270,240,139;5209,436,370,150;5009,172,,154;0502,352,267,231;4501,268,240,201;4509,287,261,151;2703,456,215,238;5005,232,,150;0909,378,381,161;1510,792,722,;1414,542,351,170;2705,379,340,131;2701,328,,88;1601,225,,110;4502,261,201,129;3801,,465,250;4507,,,150;5109,,,200;2605,,,155;4006,383,,215;1101,524,517,164;5004,344,367,138;5100,332,283,262;5131,276,281,;5203,472,564,152;5208,477,403,150;5214,442,427,150
122597:5202,464,479,150;4201,297,341,150;2601,389,326,150;1107,551,685,174;4301,373,386,150;0901,426,439,137;1312,386,389,125;5006,249,242,174;5004,374,414,150;3105,289,345,173;5138,997,1118,152;0907,344,342,175;2301,314,334,167;4511,376,361,150;0502,354,357,173;4510,375,399,162;3019,243,,165;5007,278,303,176;2401,347,340,153;5100,410,408,183;1419,658,615,213;1408,650,666,175;5401,330,353,150;4506,437,432,136;4509,338,390,166;1909,356,408,176;5209,458,448,141;5102,311,284,165;0301,348,304,141;0904,366,372,150;2602,360,443,150;3801,345,311,158;1409,596,693,138;1410,589,662,161;4502,344,318,165;5005,260,252,179;1603,393,318,158;4407,325,410,;4512,420,407,186;4507,378,297,164;5009,,201,155;2701,,340,168;1609,343,276,144;4005,,444,;5210,,434,;1601,300,,;2313,310,310,167;1101,461,488,188;2604,361,413,190;2605,473,400,242;2607,338,331,110;5203,526,532,130;5208,450,468,151;5211,472,431,209;5213,509,473,205;5214,450,434,124
122612:5138,917,1003,253;4201,311,357,233;5202,614,546,233;5214,502,495,213;5208,609,610,244;2601,336,347,231;0901,418,388,219;1107,793,728,203;3105,323,368,233;4506,622,484,215;4511,421,372,241;5207,,399,195;4509,367,354,246;4510,388,403,230;5203,620,641,205;0301,246,308,210;5211,524,502,250;5004,412,390,270;2301,343,397,250;4005,,,244;0402,,553,270;0909,460,473,240;5401,,340,200;5001,,278,233;5209,486,521,190;5007,,308,241;3801,,416,;0501,318,394,
122755:5202,446,484,;4201,339,336,;0901,417,413,;1107,691,750,;1409,811,781,;3105,364,333,;4301,345,377,;5004,466,525,;4511,416,376,;5007,312,303,;2601,410,351,;5138,892,923,;1419,661,636,;4506,495,383,;1408,705,748,;2301,335,324,;1410,748,737,;4510,367,267,;0909,497,414,;3019,340,,;4407,385,383,;2703,377,,;1402,,682,;1405,,534,;0301,428,480,;0907,268,315,;2401,337,267,;5102,,304,;5209,456,479,;4901,429,419,;5401,,427,;1407,600,555,;1435,650,610,;0904,,308,;5210,590,511,;1907,344,293,;5199,423,383,;5203,566,504,;5207,551,394,;5208,552,513,;5212,530,573,;5214,548,451,
122931:5208,688,705,145;0901,530,449,178;4201,501,311,170;4506,624,684,195;1409,835,1034,248;2601,366,345,195;5214,607,569,197;4510,521,449,205;5203,678,697,186;1419,745,746,190;0301,333,376,245;5122,451,356,245;2615,,,200;5210,,442,;5212,,804,200;4511,359,416,;2301,437,473,;1405,515,648,205;1408,,795,;5401,,438,;2602,,318,;5206,,693,;5005,,236,
123554:5201,520,550,233;2401,414,427,270;2601,,416,250;4201,299,267,250;3105,,329,216;0901,362,444,195;5199,,340,;2301,357,457,233;4510,331,372,250;5005,,,270;5203,648,618,250;4506,545,412,;5401,,,240;4511,,340,;0501,,427,
123572:5202,481,543,165;4201,309,311,164;4511,365,351,170;2401,391,331,169;3105,301,291,202;0901,394,374,179;2601,288,397,190;2301,214,308,194;4301,345,390,200;5138,1109,1104,125;1107,623,777,201;1609,312,377,173;0502,286,372,192;5007,290,234,192;5401,321,379,135;4510,364,318,150;1907,312,325,183;4506,458,555,190;4502,326,284,176;1410,769,547,;0301,365,303,151;3801,,,194;2701,,494,179;5005,,318,;4006,,333,
123651:4201,315,290,163;5138,919,913,189;5202,372,407,260;3105,,180,;0901,304,330,;5005,,280,;4511,,264,;5214,,343,
123961:5202,626,613,158;0901,464,440,159;1107,1043,920,196;4506,548,500,139;4201,349,356,140;5006,358,296,195;4509,486,429,132;5203,648,668,165;2703,619,552,123;4510,410,422,120;5005,250,222,120;5122,307,311,150;2615,269,297,140;1419,747,674,143;0410,610,,174;0904,442,427,150;5401,300,383,121;5009,172,256,198;0909,468,447,195;3099,,369,185;5007,289,372,198;2601,250,274,46;5010,316,252,204;0301,,383,91;3801,285,,75;3025,494,,183;1435,707,780,177;1405,532,620,138;4511,371,337,96;5004,296,427,180;1402,781,758,200;4405,,,178;1409,1066,906,66;2602,246,109,30;5215,757,716,195;1609,360,427,200;2313,237,399,191;1407,665,605,130;5001,184,367,;1408,756,746,81;1108,721,1086,;2301,,,35;5003,,,159;1515,,,193;1603,,465,;1410,817,806,185;4008,,,75;4501,284,461,;2701,,,28;0501,,318,;0502,,,178;0402,510,494,;0403,441,480,;5106,667,748,306;2401,319,,30
125763:3105,252,160,255;5202,367,359,240;2601,230,149,250;1907,,183,258;4201,276,215,215;4501,233,267,249;1609,271,278,;4510,304,,;4407,,333,;2301,228,156,241;4511,257,283,;0301,,252,
125897:5006,241,258,260;5004,435,340,270;5203,,473,;5202,472,521,195;5214,,427,;0901,331,,;0402,467,491,413
126562:5202,465,469,199;5138,593,595,219;2601,319,335,204;4201,336,339,223;4506,400,473,161;0901,377,408,219;1101,687,664,205;5009,246,271,235;4301,398,397,160;5007,306,306,215;4227,334,301,181;1419,659,649,247;1301,356,,236;4510,364,333,175;1410,701,693,290;1408,627,584,296;2301,,300,215;2701,530,449,230;4507,321,375,215;5401,365,,176;2313,356,329,276;1405,,,268;1907,,,211;3020,410,327,189;4511,297,360,250;4005,,473,;4502,345,344,241;3099,,311,;1609,248,,;0502,251,314,223;0402,378,416,178;5005,217,329,243;5122,336,329,206
126580:5202,417,405,200;5138,595,594,195;4201,301,253,205;0901,324,313,175;2601,318,305,196;4301,332,327,178;1419,586,565,220;1312,333,,250;1107,678,672,250;2301,324,286,220;5100,308,308,200;4507,319,311,175;5001,222,215,245;5401,342,300,180;4506,395,401,214;4510,213,359,169;3801,331,247,250;4511,312,297,215;1410,685,693,245;4502,,223,;2701,382,,220;1409,708,,235
126614:5202,497,547,205;4201,344,322,188;1107,698,759,197;0909,430,,185;4506,441,452,156;1419,625,616,190;4510,340,394,187;4511,343,291,160;0301,334,308,198;2613,302,306,213;0901,404,398,165;1402,711,713,245;2604,341,289,155;2615,315,314,205;3020,344,328,173;2701,489,461,193;2301,297,254,192;5401,236,327,153;1408,680,577,193;4008,424,412,193;5006,247,267,195;2602,346,300,185;1414,567,543,208;5102,244,264,153;0904,386,387,153;4507,381,340,165;4502,249,246,186;3801,,,220;4002,372,329,215;5007,269,239,195;1609,348,340,;5009,,236,150;1407,592,659,237;2703,,615,;0502,274,383,;4006,386,416,195;1601,,188,;4005,462,427,;1410,684,720,192;2401,,188,;5005,247,230,;1409,740,752,233;3099,435,,239
126775:1419,677,635,230;1107,725,790,225;1407,700,649,268;1410,726,709,215;1425,940,772,265;1408,651,637,234;2703,675,587,215;1414,560,506,233;4005,,383,;1405,598,665,234
126818:5202,471,453,195;2601,287,299,215;4201,306,309,210;3105,319,310,205;2607,256,267,239;1101,723,731,216;1510,691,710,235;1419,631,658,257;0901,361,342,205;4510,324,289,185;4511,324,332,197;0904,322,322,210;4506,411,449,215;1408,611,593,250;0109,358,396,215;4407,337,343,190;5007,277,289,205;2301,273,322,195;2613,306,252,195;5401,274,299,215;0105,252,309,220;1407,563,534,205;3103,275,311,193;1410,686,718,252;1909,388,319,196;1405,558,671,;2602,299,372,215;4502,267,267,215;0111,324,215,175;0302,,392,;2401,361,305,230;0101,399,438,205;2605,335,335,205;2701,382,387,157;2615,,,205;3020,274,306,193;5209,394,377,185;0405,,,215;1601,297,336,155;5009,287,297,268;3019,309,,220;4006,455,456,223;1414,532,471,267;4005,378,427,165;0305,372,311,221;5005,239,240,;1312,342,363,;0406,,446,;3801,280,282,165;1409,744,757,;0106,381,399,;0502,338,277,;5122,478,473,;4008,,297,;0112,386,427,165;1104,616,650,239;0301,307,278,140;4302,764,813,;1313,,353,;1907,310,288,204;5004,452,412,
126827:5202,479,466,337;4301,344,323,427;5138,740,734,136;5107,365,337,380;1101,554,573,386;1107,637,630,;5203,371,386,345;5201,251,257,401;1110,553,746,348
127060:4201,293,357,210;5208,558,620,195;0901,405,400,207;5214,420,499,203;4509,329,342,195;2601,288,245,205;5201,448,351,209;5213,579,693,215;2602,,347,231;4510,344,340,215;1107,646,746,211;4504,348,326,220;5203,,,158;5215,533,,;5211,438,427,217;1419,626,659,262;5009,215,251,236;4506,317,,;2301,181,326,251;5209,440,434,219;1609,337,274,219;0301,,416,248;5007,,252,;2200,,356,201;4511,300,297,;5006,,201,;0904,,369,
127556:5202,379,427,200;5138,591,607,223;3105,267,287,250;4301,405,373,240;2601,275,281,245;4201,314,326,231;1101,519,473,221;1510,599,640,;2401,378,347,250;0901,283,282,211;0301,383,410,;5109,,473,213;4407,355,,250;5401,304,264,;5004,,217,235;5203,482,461,;1508,530,473,;2301,286,222,198;2701,,416,;5007,242,260,;4510,254,,;4511,289,383,;5005,,236,;5201,382,395,213
127565:4227,344,331,205;5202,455,447,220;2601,345,348,238;4301,392,404,200;5203,484,484,221;3105,354,340,186;3099,355,345,219;5214,400,417,205;5138,627,629,222;4407,346,377,219;5208,475,516,204;4901,410,427,236;1312,371,,235;5212,504,564,231;5107,414,405,184;5401,359,336,263;1107,685,728,195;2313,372,423,178;5004,361,427,285;2301,353,341,249;3019,327,327,198;1508,585,615,273;5209,386,377,169;4510,375,356,210;5207,,,177;0904,318,324,206;2701,422,444,243;5007,282,293,256;1313,,387,268;1601,328,314,249;0301,417,394,186;5009,187,201,249;4502,212,288,258;4506,393,473,170;4511,376,301,194;5102,280,,159;1503,620,543,;4005,386,459,224;1310,368,423,;5005,233,308,;0502,344,,223;3801,,297,;0909,347,327,231;0302,466,424,;4201,321,321,204
127741:5138,607,580,180;4201,291,292,195;1312,341,292,223;5202,444,457,195;3105,331,304,195;4301,347,345,185;2601,319,316,226;5100,330,308,200;5005,267,292,240;5007,259,275,231;0901,359,329,198;5401,329,331,229;4506,433,383,200;5131,271,335,156;5102,261,286,200;2301,305,306,215;3103,360,336,239;1313,363,360,227;1310,364,380,250;4005,399,461,260;5009,237,,235;2701,345,405,119;4511,331,325,236;0904,330,319,223;3033,232,308,;1409,566,,;4502,240,252,250;1609,,372,;4006,366,340,241;4510,310,298,200;3099,368,343,;4507,411,,;4008,363,376,238;3020,248,183,;3019,235,304,199
127918:5138,620,631,250;5202,505,433,253;1107,729,742,288;5203,523,529,236;1312,349,349,;2601,299,286,258;3099,294,372,;0901,291,394,;5208,519,645,;4504,,488,283;2401,376,363,;5201,454,,301;5210,,461,;4201,390,347,
128771:4504,378,348,215;4201,319,307,215;5202,437,450,205;5203,457,511,206;5208,496,529,195;5214,413,413,215;2601,334,311,216;1101,593,684,186;5138,737,681,250;1419,689,696,231;4407,361,343,233;0909,343,,202;1312,384,404,270;2602,394,340,238;5220,655,651,202;2301,294,288,260;4511,326,288,280;5212,570,635,235;1110,616,488,235;5401,295,308,233;3105,297,351,233;4506,410,458,215;1313,416,399,225;0901,369,337,205;5004,347,369,215;2701,441,501,195;1508,667,613,293;4510,349,340,160;5209,385,333,210;5005,,220,;0904,,324,265;1408,615,650,260;4502,,188,;4507,357,274,;5007,224,198,
128780:2401,412,428,161;5107,522,550,220;5202,579,615,205;4201,349,,198;4301,,,188
128902:4506,543,545,231;4201,369,323,236;4510,434,457,244;2601,330,289,230;1107,758,,264;2615,391,,225;4509,442,397,256;2301,316,351,241;2613,303,,260;5007,,329,215;4511,,427,207;0501,352,363,212;5401,304,394,215;2602,,,260;1609,,351,
129020:4201,321,332,215;4506,475,482,211;5208,634,628,195;5138,704,708,203;0901,354,416,210;4510,336,406,205;2601,290,270,233;1419,689,690,221;1907,321,335,215;2604,292,383,242;5203,659,625,215;2301,277,257,218;1107,710,795,250;2607,279,308,233;5214,515,521,215;2401,421,385,199;5213,540,661,233;2703,681,693,235;5202,503,527,205;1409,718,743,201;0301,319,300,205;1410,722,709,265;2705,480,500,195;1313,184,,241;1408,630,671,240;1101,657,678,195;1405,622,589,250;4511,330,351,195;0109,253,260,225;5401,264,237,214;1407,626,670,247;5102,,,215;5120,,,250;0907,407,412,224;3099,403,333,215;5007,287,286,215;0101,,438,187;1435,723,824,249;2701,423,361,212;2613,294,201,260;3019,251,291,266;1312,,,245;4005,492,369,258;5201,451,445,191;5009,,286,241;0904,314,443,215;1414,585,582,215;4405,252,201,243;4507,,416,;4512,231,215,208;3105,372,,215;1609,264,252,241;4502,296,224,175;1418,692,613,270;4008,334,280,255;5005,310,245,254;4227,332,203,232;0502,307,297,247;0103,,,218;5107,,630,;5110,,671,;0501,297,,;4006,,340,;1605,699,,;5109,,383,262;0111,370,457,
129242:5138,768,767,250;5208,580,646,270;5214,495,493,270;5203,614,623,266;4201,313,349,260;0901,458,467,269;2601,244,412,263;4506,539,526,233;5202,516,536,250;4510,,468,270;1419,667,687,266;2301,385,427,270;5211,339,538,270;4509,,473,270;2701,,615,270;5401,,252,;5006,,368,;5212,,693,
130183:5202,543,550,298;4201,339,297,351;4301,462,372,290;1907,319,288,376;5203,527,521,308;2200,452,372,355;5208,441,,308;5214,369,383,299;3105,298,297,285;5212,609,521,309
130226:5199,333,311,259;5138,729,755,269;5208,472,573,250;5214,,,243;5202,432,474,250;2601,255,275,270;4201,284,313,260;0909,383,422,233;0901,348,396,233;5109,544,617,265;5006,,,223;0904,353,379,238;3000,,,260;5203,627,610,233;5004,,,260;5207,,427,270;4301,356,352,270;4510,,372,270;1419,,,270;5211,,484,260;2200,,,270;4506,,534,238;5401,,,270;1408,,,270;4227,,291,260;2301,,356,265;1104,593,580,
130253:5138,784,749,270;5202,460,439,250;5208,465,553,255;5214,449,474,250;5109,217,276,245;5203,538,566,270;0901,276,340,250;2601,251,252,233;3000,,,268;4301,311,306,270;1101,545,615,262;4506,493,589,208;2401,336,252,270;4510,,,208;4407,,,270;2301,,340,270;5007,425,,;4201,298,326,260
130493:5202,404,447,215;2401,320,325,235;4201,287,290,200;5138,735,710,190;0901,310,328,223;4511,296,371,250;3105,306,,250;4407,288,386,225;2601,324,297,205;5102,278,223,199;1101,629,582,247;5122,319,308,215;2301,297,258,240;1310,455,467,258;5007,258,347,210;5401,,,205;3103,324,344,249;4005,,,260;5109,,,230;4510,,354,212;4502,,,209;1313,259,343,223;1609,435,367,168;0904,248,195,201;5005,215,,;1301,317,404,233;4501,285,340,
130590:4506,613,618,215;4510,579,422,250;4201,324,438,219;4405,506,473,232;1401,688,,;2301,411,431,226;2615,372,,240;2601,354,,262;0501,361,,;5401,276,,;3099,447,,239
130697:2401,382,363,155
130776:4301,322,359,240;5138,751,751,260;4201,286,329,205;0901,332,364,235;5214,400,414,198;5005,252,220,250;5203,513,580,243;4407,339,315,215;5208,499,463,190;1312,377,351,;5212,450,573,211;1313,430,453,270;2601,302,290,270;2313,183,246,;5009,203,201,260;5401,271,329,;0907,265,252,250;2301,276,340,;1101,615,573,;5213,433,415,205
130794:4506,872,866,126;4510,573,488,147;1101,1340,1220,150;5401,524,473,83;2604,305,313,195;3099,539,,150;2301,483,473,;4509,690,521,;0501,272,390,;0502,379,351,131;0301,,602,;2613,349,308,;2401,,,158;4201,419,383,
130934:3105,285,277,260;5138,698,720,299;4201,307,302,260;0901,246,291,250;5202,383,431,255;4504,327,319,260;2401,266,252,235;4407,277,329,225;5122,,345,259;0100,322,283,215;1107,744,,;1312,441,456,254;2601,283,264,260;5203,,383,250;4510,307,368,250;4005,,264,;5009,,228,
130943:5208,593,606,235;4227,302,291,239;5214,489,492,245;3105,272,290,250;2601,234,290,242;0901,417,406,243;5138,718,687,260;5122,306,293,243;1312,425,433,259;4504,336,358,234;1101,705,702,253;1419,646,626,260;5202,514,535,233;4506,533,502,250;4510,377,329,233;5212,664,671,252;5203,608,625,263;1407,707,664,260;2615,197,159,250;1909,449,496,223;5100,262,,262;2301,288,233,255;1405,557,564,258;3025,213,198,253;1313,432,438,263;5401,259,261,225;5209,451,484,229;1408,610,605,250;0301,342,326,250;0306,223,252,251;4511,316,267,232;5007,190,,250;5131,224,258,259;4509,312,329,247;5004,439,473,260;0100,290,333,244;4405,368,,252;1410,652,630,250;0502,304,,244;2701,,473,270;5009,231,,253;5211,518,534,233;5109,,,260;0109,,304,227;1609,343,,254;5207,549,,;5110,615,600,259;1409,772,,264;5213,,,257;4005,467,509,246;2602,454,,253;2613,199,,195;1414,556,555,270;1905,389,,253;4008,,,266;4502,204,,;0101,514,,205;1601,,267,
131159:4509,419,425,233;5202,508,487,245;4510,452,457,233;0909,451,484,264;3099,449,397,230;4301,390,452,233;5122,368,394,233;5208,642,555,226;4506,487,475,222;4201,352,329,235;0904,405,358,250;5006,288,409,220;0301,,420,261;2200,446,427,244;0901,428,460,226;2601,331,308,197;5401,,459,260;1107,739,736,;4511,343,410,;5005,259,267,250;5203,,660,;2314,385,326,261;0501,,377,250;5004,436,,;1312,,491,270;4502,,269,;1002,269,308,191;0502,,297,250;5007,,,233;5009,,297,
131283:5202,576,516,255;4201,293,379,260;4510,417,359,250;5138,719,693,270;0402,467,427,267;1419,667,634,270;3801,,297,268;0901,437,367,270;3802,388,,;5203,,,257;5009,293,252,235;5401,239,297,250;1408,672,671,246;2601,,340,;1405,530,710,;1312,,448,;4407,,,255;1609,,244,;2301,,340,;4511,,405,;1410,,710,;5214,516,514,270;5208,519,540,246;5211,440,582,
131469:4509,456,460,210;5138,688,689,187;4510,441,471,217;4227,,,250;4506,571,571,205;5208,679,722,181;5122,,427,233;4301,402,521,195;5211,601,647,219;2601,287,302,239;5214,541,509,230;5401,422,467,233;1107,760,734,195;0904,428,473,250;1419,667,650,214;0909,477,521,233;4201,372,401,;5203,,,248;4511,307,,;5210,519,473,209;1110,742,,164;1405,693,693,230;4502,362,416,260;0301,353,280,195;0501,,478,241;5007,,201,;5209,526,564,193;5213,,,205;0901,455,376,250;2301,336,297,233;1101,568,739,150;5004,423,463,;1104,671,,;1408,,743,;3801,333,,;4507,,450,250;2701,568,710,;1609,422,,;5201,524,,205;4005,,461,270;5005,,313,
131496:4510,513,525,154;4509,449,488,175;5208,844,855,158;4506,685,747,155;4201,459,396,175;5211,867,746,144;5214,691,641,170;2301,498,431,160;2601,222,348,174;5203,774,777,175;2701,668,573,175;5202,677,693,150;1107,935,886,158;5401,467,340,166;4511,391,397,133;5138,777,717,140;1609,399,521,175;5107,568,702,175;0501,,521,;5122,,427,120;0502,,394,170;1601,,326,175;2401,749,620,;3801,,383,;5212,717,760,
131520:4510,318,333,244;2601,242,201,250;4201,224,308,244;0909,341,,258;5214,471,487,250;3105,321,326,265;5100,248,286,;5208,721,595,202;5010,159,201,270;4301,291,355,259;5138,676,695,240;5202,596,630,250;1419,,521,;5212,742,705,205;5007,288,201,;1407,,847,;4506,492,427,270;5110,,677,;5211,605,465,240;4511,343,340,235;1408,,509,;2301,273,340,;0402,,450,;5107,333,383,270;5009,,201,;5203,503,560,;1907,395,240,;5109,,917,;1410,,800,
132602:4201,,297,;4301,,260,;5202,,310,;0901,,201,;2401,260,287,310;5138,,606,;5203,,405,
132903:4201,272,272,160;5100,235,228,193;2601,230,200,201;5138,598,575,134;1101,578,569,202;3000,330,285,194;5209,326,319,183;5201,408,361,180;4301,317,284,168;1312,409,414,188;1419,641,615,203;5001,289,,225;5208,491,454,176;4510,304,288,178;0901,332,285,171;5107,354,346,179;2301,276,216,168;5203,480,437,178;5214,413,385,200;5102,262,290,185;2200,,,180;5202,415,360,165;1402,634,595,248;1409,714,637,188;5006,207,209,198;5010,,,207;1410,673,638,225;1313,370,332,187;5401,285,260,189;1408,609,581,203;5007,259,244,200;1435,653,560,233;0909,365,335,179;4407,268,291,186;4511,298,266,226;5005,185,,195;0301,,,149;4502,242,218,188;0907,265,297,180;4506,340,390,188;0904,354,252,188;5206,445,410,189;4005,,,161;3020,277,288,143;5215,464,,178;2705,,,222;4404,357,282,169;2701,,,117;0402,270,,108;1414,559,534,230;4501,,,219;4008,,383,187;5009,,280,148;2313,,,182;3801,,,186;5110,552,553,192;1609,272,,;2401,406,383,139;2203,284,252,
133553:4901,540,488,233;1402,645,651,263;5202,561,593,224;1419,677,560,262;4303,408,407,205;1409,700,620,263;4002,,,270;1410,,610,250;3000,,,260;4301,537,,;4509,390,361,225
133650:5100,240,252,258;5202,350,432,230;4301,297,296,233;4201,265,266,224;2601,228,266,273;3000,251,273,275;4407,289,310,225;0909,245,230,260;4510,254,256,270;0904,262,282,261;5138,599,589,214;5107,309,310,262;0402,383,367,260;5203,401,442,;0100,,304,140;1312,,408,;1101,448,536,231;4511,,290,182;5004,228,252,261;3105,249,,285;2301,,297,;1510,,618,310;5005,,,185;5109,442,570,268;0101,,383,;5009,,149,
133669:2601,262,281,160;5138,614,644,171;4201,270,277,160;5202,394,404,172;4301,335,333,155;3000,340,313,191;5214,397,384,169;5208,419,429,155;5203,477,473,165;5100,,,171;0901,311,331,184;4407,316,331,177;1101,537,518,170;5107,368,371,150;0907,254,254,160;3105,296,286,181;4510,303,330,169;5212,454,416,163;4227,212,257,177;2401,277,300,192;4511,293,327,185;5007,269,324,139;1312,433,426,168;1419,610,635,209;1409,580,582,230;2301,301,326,178;1408,561,543,233;5211,324,402,153;4404,386,358,170;4399,304,367,184;5209,335,354,200;1301,349,343,169;4506,352,402,180;1410,613,636,184;4005,423,340,221;5401,265,344,165;1313,435,427,223;1601,,260,195;5010,168,207,;5005,175,185,223;4502,255,222,185;0403,443,442,211;2701,414,376,192;1310,,454,;0402,400,438,307;1609,265,329,
133881:1402,595,606,250;4901,489,477,270;1419,643,656,268;1107,675,673,270;1409,667,655,246;1405,,,270;2601,252,246,243;1410,672,693,;1407,,573,270;5202,420,473,344;1408,620,490,;5212,,,374;2613,,208,;5214,486,,273;5203,448,,337;1104,584,677,480;4201,287,297,;5107,333,,504
133951:4201,273,286,165;2601,184,195,150;1101,548,581,189;5208,448,495,165;5209,358,386,164;4301,339,337,168;5211,398,427,162;3000,,,201;5214,380,388,157;0901,325,354,172;5202,398,441,170;4510,293,270,148;1312,387,410,161;4509,352,324,177;0909,,,116;2401,290,342,227;5203,477,474,177;5138,638,631,138;1410,691,667,146;5107,360,352,193;2301,282,280,176;1419,654,669,174;3103,322,297,178;1408,585,595,200;5210,410,419,201;4506,354,410,193;1409,644,723,181;4404,442,412,230;4511,304,256,191;1609,,252,266;5007,239,178,155;1313,290,259,173;4005,251,308,132;1405,536,568,195;4407,300,303,160;5131,320,368,135;3033,,,164;0907,,,143;1510,695,671,210;5401,269,286,171;5212,539,510,188;0501,,137,191;3801,284,,134;2701,,427,;5009,228,,127;1310,,,175;0301,252,205,;5005,226,211,200;0502,,351,;4006,,326,;3099,362,310,223
134097:4201,269,285,174;5208,513,509,167;4301,314,320,185;5214,462,457,170;4510,319,324,175;1101,542,543,192;2601,222,230,205;2301,279,296,186;4509,304,320,168;4501,361,364,200;1907,255,275,192;4506,397,407,168;5202,443,418,159;0907,323,324,178;5209,369,408,174;5203,515,519,182;3105,279,333,162;5007,265,257,188;4511,275,309,188;5212,599,612,173;0301,291,273,173;5215,467,496,195;5009,266,245,230;5100,,,225;4407,277,297,145;1408,570,586,188;5207,,,165;1313,432,415,222;1909,394,405,178;1419,622,613,230;0909,375,406,144;5401,271,281,175;5102,187,,148;1312,392,388,181;5109,,,210;5138,576,589,193;2401,284,215,188;2705,439,372,224;5005,201,279,195;1407,666,683,233;5213,579,609,185;2602,292,297,176;5004,445,454,226;1609,282,297,206;4304,,,188;2701,387,376,249;1410,699,689,158;1409,624,710,233;1435,656,716,194;4502,245,215,193;5131,294,276,216;3801,,297,220;5006,356,351,205;4005,323,269,214;1310,,,181;4507,290,281,267;4008,366,502,208;0501,213,,;1603,239,236,167;5003,,201,213;5201,393,383,;1612,270,228,203;3103,309,336,;4006,382,,;3802,259,260,
134130:4201,230,240,166;2601,195,177,150;5202,466,448,150;4510,289,300,150;0909,402,401,153;1101,767,790,150;1419,672,674,181;4506,454,483,150;5122,262,322,155;5208,595,593,167;5138,606,596,165;2605,238,231,149;5214,464,518,153;5100,168,232,150;4504,299,346,152;4005,186,188,148;0907,308,334,150;4511,266,299,150;2301,229,276,156;0109,259,294,150;4502,213,259,145;0904,361,347,165;5203,,496,178;5213,601,625,186;1408,620,646,186;5401,268,318,169;1402,667,690,174;2701,409,449,161;1410,724,754,207;1409,767,777,204;3105,320,395,150;3019,166,,165;1407,729,731,196;1405,,,210;3020,261,252,116;0101,430,456,150;1510,712,716,149;3033,296,367,150;2705,493,477,132;0402,250,286,190;1907,306,288,155;5007,192,226,160;1313,422,412,137;1601,263,300,178;0305,325,308,155;3103,338,358,162;1312,,410,148;5005,223,222,138;5102,221,,150;0111,320,310,130;1609,329,322,130;0502,300,238,227;5001,308,480,187;1418,701,677,;5004,433,501,198;3801,260,302,174;1414,560,488,210;5009,,201,;0301,211,286,202;2607,246,198,176;0306,210,228,165;4008,189,311,138;4507,357,360,164;4006,384,343,197;3099,247,243,148;5003,,240,160;1612,,304,;0406,510,,;1423,,591,;3802,,228,;4302,617,,
134237:3031,250,235,322;5006,188,227,259;1002,239,201,390;5004,281,299,368;5001,183,,265;2313,199,208,345;5007,194,,270;5009,250,283,280;5010,258,242,353;0901,294,372,341;5214,332,281,429;5005,286,302,205;1107,482,,195;0909,310,,305;1110,531,,390;1409,551,,195;1102,495,550,329;1101,538,,228;1003,222,240,;1108,310,350,;5202,370,416,
135726:5208,574,606,145;5138,619,656,178;4201,270,246,177;0909,401,436,170;5214,453,510,185;4506,377,484,161;5202,414,529,184;4510,320,416,165;5009,187,229,140;5100,,,159;2601,213,137,168;1107,675,783,186;0907,306,370,193;2602,239,252,193;3105,260,308,154;5203,567,591,178;1405,486,534,184;5006,145,260,175;5206,603,529,147;2605,,212,186;2615,154,188,170;2200,503,260,156;4504,291,324,161;1435,589,652,151;1110,566,,123;2613,185,196,165;0901,246,,;4511,,,164;4509,358,270,165;1419,512,728,177;5207,472,587,;1410,,573,;2401,474,,262;0904,326,297,155;2301,,333,155;5007,,244,;5005,151,252,175;2705,656,,;4005,,137,;5401,,,183;0302,,252,;4502,,240,;1402,,710,;0402,507,517,
136172:4227,259,,162;5100,271,318,150;5138,593,581,125;0901,327,335,150;5202,448,431,154;2601,277,322,137;4301,317,367,160;5208,480,485,148;5214,420,413,150;1312,395,396,165;1101,543,564,172;3000,376,351,157;4510,363,352,146;5007,286,293,224;1510,666,650,225;3105,310,331,150;5203,476,484,158;5107,349,390,185;2301,274,314,164;1419,624,615,196;1408,571,587,175;5131,260,236,184;4511,283,299,196;5401,327,267,133;5211,450,432,144;1410,635,669,155;3020,341,299,185;4407,297,308,137;1310,407,400,;5009,152,,178;4005,329,473,203;5206,462,478,;4506,359,362,;4502,228,272,180;2701,357,308,156;1313,392,392,;4008,257,,;1609,,281,;3801,,258,;5109,281,344,
136215:5138,632,650,263;2601,226,189,211;4201,266,275,195;2615,,,154;3105,254,218,233;5202,409,414,255;5109,533,,304;5214,,383,;5208,404,,230;2613,222,,205;0301,285,,;4301,347,324,;1312,,422,;5100,490,543,;0901,,240,;2200,,252,;2203,,376,;2401,,258,300
136950:5202,452,,232;0901,303,364,252;5211,440,438,250;4201,242,302,266;5009,181,,270;0301,298,308,;2301,206,252,250;4509,357,335,270;5207,432,,;1101,,,270;4506,443,420,249;4510,325,,254;1312,,436,250;5005,281,201,;2601,,236,268;5201,414,416,260;5210,478,288,
137032:4301,430,416,256;5202,479,447,267;4201,305,298,256;1312,386,390,174;5203,454,489,250;5107,378,402,324;1110,321,,253;5210,447,443,355;1107,387,,233;4511,351,354,322;4407,327,305,238;1101,525,558,336;2601,247,297,241;2401,388,272,275;5214,375,333,242;3105,312,331,250;3802,334,,335;5209,255,394,;4303,452,441,
137351:2601,241,249,183;5100,283,314,199;4201,278,300,177;5138,617,616,153;4504,313,339,175;1101,580,568,225;5208,472,449,167;5214,397,404,167;0901,321,329,183;5201,412,414,178;5203,478,472,175;2401,383,398,234;0909,,,165;1419,594,600,226;5212,490,532,166;5122,326,322,193;4510,315,309,179;1312,401,400,186;4506,377,383,186;2301,253,284,165;5102,258,267,178;1313,388,396,179;0301,272,323,175;1407,612,589,230;5401,288,274,176;4501,318,321,205;1410,697,678,235;4509,286,294,162;5007,242,226,225;1408,601,560,216;4407,314,318,157;4005,275,340,168;5211,386,375,173;1601,,,143;4502,243,255,190;1435,647,573,205;4511,280,293,181;1409,683,687,232;5202,373,347,188;2701,414,394,215;4008,446,399,176;2605,318,286,190;4006,353,370,244;3801,,218,;5005,246,225,223;2705,466,405,118;4507,408,318,;5004,362,304,170;5003,,149,219;5209,320,311,210;2313,380,357,;0502,258,236,;3802,,264,;5206,412,401,;5207,,286,;5107,,516,;1310,387,399,;1609,300,282,;3099,284,284,
137546:5100,295,236,203;5202,340,390,215;4201,254,252,233;5208,464,487,250;5009,190,258,260;4510,269,326,238;5203,,367,219;2601,245,211,269;0901,306,252,270;5001,240,269,270;1313,423,,270;5214,329,377,248;2301,190,201,250;4511,,297,;0301,161,,;1312,400,420,260;3105,240,363,250;5207,,448,;3802,,228,
137564:5202,327,301,224;4201,225,,250;3105,263,,233;5138,577,,263;0901,271,,195;1312,377,372,265;0907,,,233;4407,,,250;4301,311,,224;1313,,,246;5201,,405,
137847:5208,486,496,253;5214,407,386,233;5202,406,383,218;4504,315,293,233;4201,292,293,233;5211,386,421,246;0909,391,357,234;2601,260,304,250;5100,302,286,269;3105,265,255,246;5207,396,,255;1110,,,250;5138,600,568,270;0901,343,396,233;5203,516,455,243;1312,402,412,243;2613,195,286,264;5004,317,,;4510,228,340,239;5006,204,201,205;4511,229,,210;5005,151,,250;5122,301,,225;5401,,,191;4506,,416,269;2313,,,178
138309:5138,663,739,250;5107,421,421,262;5202,493,471,261;5210,452,473,279;5203,477,448,262;1110,521,505,324;4301,394,351,292;5208,481,521,244;5214,443,432,266;5122,319,,256;1107,569,560,281;5004,,,293;1104,,,162
138716:5138,625,637,230;4301,294,315,290;5202,314,270,305;4201,237,270,278;1312,336,345,270;2601,260,264,284;0901,,244,;1101,346,,;4407,256,329,297;4510,,235,;5001,,,307;5214,297,416,270;4511,,293,;5212,,376,;2401,217,,;5109,494,,
138947:0907,199,247,270;5202,362,401,270;4201,242,232,270;4301,246,236,270;2601,237,254,270;5004,194,218,265;1312,,369,;4407,,,270;4510,,,270;5203,,383,270
139658:5202,721,773,195;5138,646,641,198;2601,215,169,195;4506,551,626,208;2615,295,207,174;4201,292,361,197;2705,661,,210;4005,208,211,196;3105,353,340,195;1107,733,832,155;4510,372,412,175;3801,335,329,153;4502,262,220,215;2313,262,236,210;4511,302,348,205;0301,368,,232;5006,367,394,;5401,373,281,210;2301,304,326,210;0501,273,421,195;4509,460,413,195;2703,,630,;1601,,340,198;5009,,340,130;0502,336,,182;2701,,630,;1609,144,394,195;5109,599,573,;3099,,531,;0901,279,,210
139719:4301,315,280,310;4201,,236,296;5202,276,306,290;2601,229,220,260;0901,,,310;2401,225,211,373;4407,,240,310;1312,,410,;1101,,297,336;5203,,240,
139755:1101,894,912,205;1419,699,707,225;1435,744,763,198;5202,611,617,215;1405,673,683,214;1402,679,700,220;1407,756,743,263;1410,741,740,223;1409,811,833,200;2601,,275,243;1408,666,652,188;1418,692,654,169;5004,482,495,264;4008,346,297,215;1414,602,566,251;0402,523,509,282;2602,324,318,243;1601,,474,;0907,680,587,278;4227,298,318,;4509,,465,;1423,736,693,214
139931:5202,463,457,202;5138,603,602,240;3105,286,304,220;4201,264,266,223;1312,361,372,250;2601,240,259,233;5214,442,464,237;2401,303,330,250;4504,,,215;1419,619,655,231;1104,468,550,260;5109,494,483,244;1510,627,646,242;5208,455,454,220;1101,547,604,231;5203,415,442,205;5122,282,302,253;5100,,,233;5004,342,367,258;2313,229,215,250;1410,661,632,244;1907,277,286,270;5102,,,213;1909,275,271,259;4510,328,291,238;0907,251,300,265;0909,383,370,233;5212,521,637,200;5007,194,205,273;4005,367,401,230;1408,560,563,215;5401,235,259,200;2602,,,284;5206,427,427,289;4511,213,160,230;1313,383,386,265;5123,230,,195;0904,282,270,205;2301,304,218,215;5110,525,557,152;1310,336,340,215;2701,289,317,239;4509,,252,251;5005,209,167,269;4006,322,457,;1905,,354,;4502,242,175,;4506,420,362,;4227,262,,;4301,301,316,258;5111,180,244,;5199,299,315,
139940:4201,268,276,250;2601,223,269,240;3099,327,338,250;1107,601,693,215;1101,528,583,241;5214,413,425,221;5208,475,501,216;5006,221,252,220;4510,300,320,221;5202,430,417,251;0904,285,312,235;5203,474,460,243;5138,655,631,239;4301,317,353,232;5007,252,279,249;5122,,,234;4511,295,308,255;1312,419,413,248;1313,292,271,255;4506,325,433,250;2301,272,286,233;2615,215,308,233;4005,301,400,243;0901,328,357,243;4407,313,353,256;5206,439,480,193;5401,249,288,244;2701,391,438,178;1601,127,,216;5109,583,543,240;5215,401,376,282;4405,340,331,258;5209,348,356,188;5131,,351,249;5009,210,397,245;5213,531,538,230;4502,219,279,211;4008,421,354,219;3801,251,281,226;4006,343,311,250;0502,,144,269;1609,328,319,230
139959:2601,216,236,195;4201,261,272,188;5208,565,579,175;5214,480,498,173;5212,671,688,173;0909,402,434,188;1107,709,705,205;3105,278,325,195;5202,472,471,158;4509,346,347,188;4510,337,349,176;5203,578,529,200;5206,513,539,195;1419,648,,214;1907,298,255,195;0904,322,359,195;5122,316,323,208;1312,368,384,153;5215,528,529,193;5007,314,270,215;0901,385,370,173;5211,578,579,158;3019,248,201,212;2301,253,257,195;4506,477,469,153;0907,238,367,183;1313,381,399,175;0109,331,299,183;5102,,,174;4511,302,301,159;0101,430,442,150;4301,381,354,153;2608,,296,174;2701,392,458,163;2602,217,215,208;1408,629,,209;3025,,237,150;5201,611,,240;5401,287,260,165;1601,133,176,184;3801,,,195;4407,,323,200;0406,459,470,213;1609,313,270,200;2613,231,208,140;0306,240,213,220;1310,390,404,195;2705,498,442,197;5009,,236,201;1410,679,,224;4005,323,275,183;4502,286,208,200;2605,119,264,232;1409,626,672,173;5120,,,236;4507,,354,198;1414,602,529,204;5005,231,233,150;4006,,333,;5006,,240,;0302,,196,;1605,,326,;0305,430,438,145;3802,,156,;0301,,416,
140447:5138,644,623,199;1401,626,497,254;4201,277,311,260;1312,345,373,355;5214,333,329,260;2601,232,275,242;5122,,,270;0901,309,383,250;5208,536,,195;2615,,,254;1609,210,280,243;5210,442,,280;5202,432,,;5203,,473,266;5201,459,521,375;2602,,,269;4005,,,255;4510,,,220;2301,,368,;4301,313,327,250;2401,263,354,310;0904,,,260;1101,,394,;4501,373,,348
140553:5202,469,497,233;2601,,188,236;4510,304,297,250;4511,,258,270;3105,200,,280;4201,252,221,260;4506,643,594,225;0901,175,144,257;2301,208,311,260
140951:5004,249,264,262;1003,211,228,253;5006,231,256,259;0907,399,448,245;5005,177,256,270;5007,226,270,270;1909,288,340,257;3031,,,245;1002,191,220,257;2313,240,,250
140960:5202,282,351,270;2601,272,275,310;4301,297,297,300;0904,230,222,311;3000,,,330;5214,286,,310;5203,380,383,260;4399,317,308,260;4511,219,248,283;4510,279,246,310;4227,251,284,310;1104,295,410,270;4407,285,246,270;1503,359,477,;5001,,156,333;5211,,,300
141060:4201,239,255,257;2601,233,,260;4510,385,351,263;5100,,,247;4506,487,487,264;2301,284,383,253;0502,236,356,255;3020,267,377,270;4511,,297,267;2701,612,,;1312,,,270;5005,,156,
141565:5202,314,311,170;4201,312,245,188;5138,737,724,180;3105,231,267,218;0901,281,271,205;2601,252,351,220;2613,260,240,201;0100,268,327,215;4301,242,297,;0301,248,220,;5203,,313,;4511,259,256,217;4502,,252,;4510,,165,;0502,,280,;4507,,,212;1107,414,573,
141574:4201,271,274,188;5214,361,389,181;2601,246,235,215;0901,308,301,165;5208,439,403,209;3105,284,315,195;5138,737,707,125;1312,450,461,183;5202,375,425,182;1419,650,656,246;1107,508,488,155;1603,187,315,181;1408,619,636,202;4510,290,314,162;4511,319,272,185;5209,422,424,193;4506,336,392,180;1907,,,184;0502,306,304,187;5203,480,445,163;1003,229,233,211;2301,281,242,150;5007,230,264,226;5122,333,,192;1410,638,608,188;4407,271,302,186;5212,460,511,153;2613,290,293,246;5211,450,345,;2401,257,246,173;0302,272,310,178;5401,277,326,161;5210,423,445,150;1310,458,467,160;0109,279,286,230;5207,376,348,;2602,198,282,;1609,,,223;1101,469,526,;0501,288,333,250;4502,237,228,200;1909,223,265,215;5106,665,655,297;1409,510,746,189;0904,300,291,;2701,,311,165;4507,,383,;3019,308,329,;2605,,286,;4006,,444,;5005,,264,
141644:5138,652,650,225;5202,387,400,245;4201,269,310,215;4301,356,,266;2601,275,281,284;2613,311,207,234;1107,404,473,;1312,,457,;0301,,297,;0901,,297,;3020,210,,;0907,,201,
142115:5138,661,656,170;5109,615,602,166;5201,389,404,199;4201,242,288,204;0901,330,341,205;5202,437,405,210;5199,293,335,230;3000,360,334,241;2601,249,266,201;1107,709,762,260;4301,339,335,204;5004,267,260,266;5214,391,389,205;5203,454,441,210;1419,617,600,247;3099,377,343,213;1312,341,338,222;5208,454,433,200;4510,309,326,206;4407,345,338,219;5122,,422,190;1313,339,344,245;5220,686,723,233;4511,315,269,236;0301,275,246,186;1101,485,500,136;1408,543,524,269;4005,,397,250;1410,733,750,323;2313,,,169;5401,259,275,235;1310,358,358,250;1609,256,304,227;1418,680,,215;4502,309,266,255;4006,341,383,254;5211,347,353,250;4501,273,310,239;4506,,399,258;2703,,394,;4008,313,,245;5005,209,159,;5206,,494,195;2301,246,215,246;3105,275,278,215
142276:5138,581,610,250;5100,373,333,233;4201,255,271,214;5202,390,405,242;5110,569,541,125;2401,272,255,301;2601,229,256,210;1312,354,338,262;0901,250,329,230;4407,285,297,331;5208,392,361,;1313,352,333,230;5203,325,473,246;5214,402,419,228;5106,476,477,180;4511,,267,296;5102,165,252,179;1609,,340,280;1107,561,,219;2301,,238,195;5109,453,383,304;4502,,207,;5210,415,428,240;5131,,313,;1419,581,560,310;5107,340,361,;4510,246,340,250;5401,265,252,270;4006,,280,;5007,139,143,;1410,,765,;4008,,410,;1408,,582,
142285:4201,242,263,215;5214,405,383,235;1312,328,350,243;1419,607,600,211;4511,276,322,220;0909,311,347,246;0109,249,288,250;5202,535,504,212;5208,450,427,208;5210,393,411,206;0305,389,377,165;1408,635,579,201;1313,339,400,277;1410,661,671,249;1107,729,746,255;2401,270,283,232;0111,267,340,;4510,321,252,216;0306,252,273,250;1003,,297,270;5401,249,297,250;5206,396,397,205;1905,300,302,230;3105,256,278,241;5203,459,392,150;0301,,308,211;2601,264,273,215;4509,310,252,238;2602,249,281,226;5007,294,195,252;0101,,410,168;2701,,267,;2605,,,190;2313,,,268;5212,,503,181;0904,,297,;1907,298,324,255;0303,245,,;4502,,240,;5009,,274,;5005,260,156,210;1407,661,685,270;2301,,269,;2703,,449,;3103,300,267,;0907,248,297,225;1609,311,252,168;4005,378,,245;0302,218,,265;4507,320,,230;1909,246,340,;2613,260,,160
142522:5202,494,469,128;3000,249,201,131;1907,184,164,123;2401,198,211,108;2601,241,287,110;5122,259,250,130;4201,253,262,140;1101,618,736,133;0901,298,297,125;5138,559,537,111;5208,520,573,138;1312,343,310,150;5007,215,231,148;5203,466,473,137;5214,,,86;1313,349,340,117;5107,362,323,131;4407,218,286,129;1108,430,521,93;2301,198,162,128;1419,633,645,173;5220,657,612,153;1107,731,780,78;3020,267,297,101;1508,,630,168;4511,302,335,136;0106,195,310,120;3103,225,252,124;0109,279,244,160;5401,219,240,;1410,629,667,128;5009,137,,;4510,301,390,161;1408,,573,;0101,415,491,;1409,,615,;5005,180,,;0112,,573,;0306,248,264,;2701,,457,;1310,343,,;4006,446,308,;5109,526,542,
143048:5007,250,222,270
143358:5138,627,622,270;0909,370,340,250;4201,332,310,270;1419,668,666,270;5202,472,398,246;1312,381,383,270;1107,509,674,270;5214,440,442,240;5199,290,272,266;5203,588,577,253;2601,,,270;5004,328,383,;1408,594,639,270;1003,,334,270;1410,726,707,270;1313,389,401,270;5208,517,524,212;4407,,331,250;4510,,356,270;1435,670,679,257;4301,,383,270;4511,,438,;1436,626,699,270;0907,,264,270;2301,,252,;5005,,220,;5213,,648,;0904,,295,;1409,715,,;5009,,,270;5207,,329,;5401,,308,;1310,383,404,;1609,,290,270;5007,,353,;5211,497,,;1104,,,250;5212,567,,
144050:4506,826,856,134;2701,818,720,120;2601,243,236,135;1107,939,912,;4405,512,527,175;4510,481,409,185;4227,402,390,175;5401,403,394,;3801,287,340,226;2705,,685,;4008,526,399,;4005,364,,;2301,353,304,;4511,,484,;4502,,317,;1601,141,521,;1609,,427,;2401,433,290,;4509,426,367,
144281:5004,291,297,245;1003,229,340,200;5006,216,236,250;5005,209,210,255;5010,265,275,250;0907,298,272,234;5009,185,199,256;1002,239,291,263;2313,194,225,270;5007,248,288,250;5214,362,404,253;0909,387,311,242;0904,308,306,245;5003,204,220,270;4008,549,,;3099,302,272,260;0502,219,315,;5202,345,361,270
144740:5208,556,569,220;5214,480,485,230;5006,244,271,240;5203,617,609,240;0909,385,397,223;4201,303,305,248;5202,407,445,231;1102,519,554,245;4510,375,343,224;0901,319,342,208;5213,452,451,229;5100,335,335,265;5004,329,412,270;5005,246,206,263;1312,406,412,270;2401,597,598,375;1003,196,215,250;2301,317,316,230;2601,255,312,266;1110,,,250;5206,564,579,207;4511,288,313,232;5212,614,613,215;5009,197,201,224;1101,516,507,217;1313,420,411,255;0904,290,308,217;2615,,,250;0301,253,264,245;1108,223,390,250;1104,415,,240;5401,293,233,270;4509,309,282,201;2701,405,584,248;5209,432,427,165;3801,296,,;4502,,,247;5215,,406,;0502,,,270;0501,282,340,245;4506,459,390,200;4005,,436,;5007,178,290,262;4008,,693,;1609,247,336,270;4405,398,,
144892:4201,285,229,197;2401,340,326,188;1312,352,303,210;3105,310,298,222;2601,280,294,225;5138,594,702,;3099,355,416,163;0901,329,342,237;5214,409,408,226;1310,426,393,221;1313,365,365,270;2301,251,269,243;5009,343,367,260;5213,427,368,240;0909,,,233;5007,264,,237;5208,481,467,155;5203,410,507,222;5401,295,261,200;4511,311,305,250;4510,299,397,203;5102,,,190;0904,266,238,;1101,480,438,215;2701,,346,;3103,335,324,215;4507,,333,;5109,262,,260
144962:4201,290,308,200;5202,497,454,190;5138,642,638,201;1312,402,423,220;2601,337,282,205;5208,505,542,181;3105,275,302,184;1313,366,351,261;5102,,,195;5214,430,517,188;5203,532,560,180;4301,330,364,270;2313,309,340,215;2301,,357,132;4511,350,,240;5009,,244,273;1609,,297,200;5401,,,147;2701,438,416,;4506,483,488,;0901,,347,;5010,,240,254
145336:2401,328,325,265;4201,301,271,195;5202,411,409,179;4301,375,397,200;5203,393,461,188;5122,328,329,179;0901,313,340,173;1101,366,419,150;1107,397,457,158;1312,340,327,198;4407,304,261,230;5107,334,372,200;5138,680,815,125;5102,164,329,185;2301,,368,195;2601,229,403,190
145600:2601,237,284,160;4201,298,307,159;1107,731,682,174;5138,650,664,150;5208,461,501,150;4301,346,340,150;1419,609,630,201;5100,,,195;5214,380,421,174;5203,539,518,181;1104,518,548,141;0901,314,374,192;3105,299,290,150;1408,616,618,220;4506,432,434,175;5213,388,421,153;2615,233,260,157;4510,314,308,186;1410,650,706,211;1405,427,534,213;5004,339,266,229;4511,304,320,175;1313,441,402,155;2301,242,312,175;1409,679,645,193;5123,,,140;5202,,573,208;2602,289,293,147;1407,596,607,225;0402,412,390,231;1907,290,,162;5131,373,427,;1312,479,427,150;0502,242,282,165;5107,391,461,195;5122,298,380,205;4405,,,143;5005,187,224,203;5007,232,275,253;1435,694,596,203;4502,194,240,215;2701,397,340,;2705,481,,215;4005,361,333,205;5401,250,289,190;1609,278,346,175;4006,367,,215;0501,330,306,;4512,400,215,180
145637:4227,284,,194;4506,500,548,195;5203,654,645,201;2705,637,582,190;1409,885,841,205;0901,387,404,189;2604,235,272,214;5208,670,719,195;1107,1013,1016,190;1419,688,711,202;0101,497,539,187;4510,359,376,192;5212,714,707,193;0909,427,431,219;2701,443,488,208;1410,750,737,215;3105,249,323,200;1408,636,651,190;5214,556,590,200;1407,735,743,215;5122,333,403,197;5202,647,634,191;0109,241,241,190;1312,426,399,184;1402,658,682,239;5100,291,416,203;4005,390,449,213;5401,395,313,181;1101,787,,192;5004,444,416,182;2301,333,329,195;1418,644,665,174;5213,629,686,205;4511,328,326,195;5102,211,215,205;1405,747,746,169;1435,689,758,213;0301,284,327,189;4407,350,,179;1907,328,357,180;1609,312,308,213;0904,355,355,210;3033,,,178;1313,404,390,205;5009,,,241;4008,479,423,195;5005,219,181,205;3020,,,214;0111,373,351,158;3801,228,286,184;4502,254,217,159;5007,,201,214;1601,358,264,195;0502,274,,215;2313,191,297,202;2602,,,230;1423,656,695,205;4507,403,311,246;1310,440,442,189;4006,,326,219;0501,322,356,;5003,218,,
145725:1107,659,790,238;1419,633,613,250;1101,538,615,215;1405,456,547,270;1408,607,621,240;1402,599,496,270;1407,633,620,254;1409,728,637,260;1410,582,685,250;5202,464,428,246;1515,663,630,;0402,476,490,310
145813:1312,392,391,208;5214,454,466,195;5138,638,652,195;5208,523,528,186;0901,376,372,195;4201,288,297,205;1310,435,436,195;5202,411,447,150;4301,368,353,190;1313,363,405,209;5203,545,545,203;0100,414,445,158;2601,318,327,210;5401,369,358,215;2301,309,338,208;5213,449,481,215;5102,,195,195;2401,324,272,203;4510,337,353,205;5007,325,305,178;3103,348,340,192;0909,386,388,215;5005,235,245,215;3105,307,376,197;1107,680,650,220;1907,317,,205;4407,316,306,249;4511,345,278,208;5220,656,671,198;2701,493,447,198;5211,509,444,191;5131,,,178;1609,386,370,238;1500,604,,178;5009,278,311,205;0904,319,319,208;5212,525,630,170;4506,450,464,150;5004,405,,244;1101,573,550,200;2604,346,269,225;1909,363,,194;5110,510,534,239;1003,473,394,;5109,372,379,230;5122,514,504,200;3801,,383,;4008,383,,;5107,432,470,201;4005,445,,226;4502,,267,243;4507,529,,168
146427:5202,,,270;4227,,,270;2313,191,205,264;2601,220,220,270;4510,,226,256;1107,,677,259;1312,324,347,270;4506,377,449,245;0301,,209,260;5005,,274,;2301,,198,;4509,,201,;4201,248,211,
146719:5138,661,662,250;2601,229,239,250;4201,283,262,250;5214,465,477,246;4510,320,271,230;5208,585,565,220;0909,404,365,233;5202,521,512,236;2615,292,,250;4301,362,360,249;5212,661,660,242;5203,621,614,220;4407,,,196;1312,422,372,250;5401,,326,233;0301,316,302,228;1101,641,521,213;2301,291,323,250;5206,515,551,219;4511,333,252,205;2602,294,211,250;0907,322,,245;0901,344,360,230;5211,472,534,250;5107,403,476,218;4502,231,,;0904,331,281,211;5005,196,247,215;1609,295,340,;4304,,351,;4005,371,,;5210,506,534,;3801,,195,260;5007,205,,;2701,319,,;4509,331,243,215;5004,,297,;1409,,,250;4008,,,243;1310,,455,;1313,440,416,;5123,269,,255
147703:4201,283,301,214;5138,611,659,250;5111,276,290,225;5202,483,515,210;1107,583,595,210;1312,380,371,245;5214,446,451,215;5203,537,573,153;1419,648,642,231;0901,344,375,238;3105,315,325,253;5213,455,469,200;5007,260,273,225;2601,350,335,225;2401,347,336,250;1907,300,297,300;4510,311,338,255;1500,544,579,273;5208,536,511,153;5102,249,214,165;5401,325,364,223;4511,332,327,270;2301,306,321,225;1310,410,433,210;1313,404,375,225;5009,344,252,273;0301,322,321,223;1410,702,670,225;5005,212,238,270;4005,312,351,228;2701,450,439,231;4506,418,473,250;5131,260,314,225;1435,580,624,238;0904,302,293,226;1609,315,297,209;5110,541,564,180;5209,427,,240;4006,,402,;4507,397,442,;1909,390,427,;4502,,259,;1405,,,150
147767:4506,715,730,153;0907,274,267,150;4201,348,380,135;2601,190,214,147;4510,460,478,168;2615,192,,173;1107,840,984,146;0901,486,480,177;5005,239,209,170;5009,382,201,180;1104,945,835,114;1419,709,731,139;5401,390,385,159;2701,688,755,124;2301,299,354,155;2705,599,650,142;1435,846,798,180;5122,,,147;4405,407,390,188;1405,605,765,168;1407,716,797,165;2703,808,,;4509,465,461,192;1436,666,,;4511,411,399,136;4227,,394,;3801,,318,;1418,,630,;2200,,354,;4005,410,450,;0502,,297,;5210,694,770,333;1409,,859,;5007,,324,;0501,,280,;4502,,297,;2401,436,,;0904,441,431,148
148487:4201,280,306,218;1312,376,377,250;2601,263,297,250;5005,225,231,260;4301,375,383,224;5203,458,499,253;5138,577,,290;5209,376,375,183;5213,415,453,246;5009,234,168,270;5208,463,486,255;5214,435,458,215;2203,419,432,;1107,388,449,250;4510,,,233;1101,404,,;5202,379,545,270;5210,443,422,;5401,,304,;3033,,269,;4511,259,356,;2301,,333,;5004,256,,250;1301,267,252,;3099,294,,270
148654:5202,415,402,218;1107,645,604,249;4201,273,279,186;5203,466,509,202;2601,314,290,187;0901,302,340,166;4301,337,377,188;4510,327,,212;2701,393,521,;4407,312,315,232;2301,213,252,291;5401,,282,181;2401,346,383,250;5110,556,473,
149222:4901,448,400,188;1313,487,489,177;1508,574,552,152;4504,315,325,205;4201,271,281,230;5203,440,405,215;1312,305,326,201;5107,397,348,225;1419,631,641,195;5109,586,561,215;3105,308,277,213;2401,270,273,279;1410,651,659,200;2601,289,236,269;0305,361,361,205;1101,553,,270;1310,,414,213;4302,1034,,150;5213,334,396,270;0907,237,250,237;4407,269,311,270;2607,213,223,198;5007,264,227,250;5214,390,356,236;0109,276,329,219;1107,535,573,270;5006,204,219,185;5106,520,493,215;0101,455,400,150;4510,278,282,236;5202,427,478,257;0901,,,260;1601,240,,236;5401,278,282,217;1408,595,582,193;1409,543,587,239;2301,232,,263;0402,388,408,250;3019,228,333,205;0106,319,297,;4506,,308,212;0100,416,413,150;0904,272,273,213;1503,631,505,;5208,468,473,190;5209,330,326,250;2203,304,281,249;0112,,444,;5102,,,215;5123,,247,260;1909,281,235,309;3099,426,416,;4005,,383,;5005,190,196,235;5009,,234,;4502,,190,250;5004,384,,;2313,355,383,;4507,341,290,
149772:4301,381,378,249;2401,370,327,250;5202,463,420,243;4201,280,297,270;0100,407,406,171;1312,343,345,224;0901,361,335,282;2601,291,328,270;5203,421,436,236;3103,308,280,270;3105,304,310,291;5138,610,583,206;4407,327,329,284;4510,352,258,248;5102,,,203;1500,552,608,301;5009,360,342,270;5208,443,419,263;5214,352,397,285;1101,561,487,242;5210,396,383,219;5401,309,278,309;5107,371,354,390;4302,350,308,209;5220,518,529,247;4005,350,407,253;5007,242,281,270;1313,397,397,;4511,298,282,273;2301,311,252,210;1310,372,405,229;1601,,,299;2701,412,,;5005,171,159,;0907,251,270,272;1003,326,218,;1609,346,311,
149781:5206,475,487,240;2301,265,271,211;5100,255,347,204;4201,248,201,215;4506,623,461,210;2601,224,326,215;0901,350,377,233;1312,423,379,250;5009,289,209,246;1609,,359,260;4509,334,457,233;3801,346,286,237;2701,,497,;4510,401,,233;4502,,290,;5007,,,220;1107,,615,;1313,,329,
150136:0907,292,295,231;5201,438,404,240;2401,305,325,231;1312,379,373,220;5138,574,565,247;4201,298,282,224;2601,290,297,232;1313,385,379,229;4301,345,375,220;3105,306,345,252;5214,385,359,218;0904,317,351,244;0909,368,345,233;5007,276,300,250;5208,465,450,230;5005,213,206,243;5203,496,490,232;0901,334,336,215;0402,,333,280;5102,220,247,205;2301,258,234,223;4407,377,316,215;1310,410,415,225;4506,,,221;1907,268,,261;5210,426,427,195;5220,658,645,255;5401,311,317,203;0301,368,340,270;5004,,,220;5213,605,640,167;5100,,,215;4511,264,336,194;5111,293,397,233;4502,276,286,223;4510,,328,254;1609,314,311,217;5009,,329,;4005,348,383,250;5202,530,488,205;4507,320,323,248;5212,582,568,227;1603,,252,;0406,,503,;5209,334,,240;5131,259,281,;5003,,264,;2701,,416,;5109,536,427,270;1101,582,543,235;1909,334,,;5206,475,416,268
150163:5214,453,421,255;5208,,434,233;0909,,,266;1312,,,270;5100,,,270;2601,,,250;5203,,,233;1609,,362,269;4201,,,270;5212,,490,;5010,,,250;4506,,405,;5211,,491,;5009,,,242
150400:4506,585,579,269;0901,365,431,270;2602,,,208;1107,683,669,265;1609,317,354,270;4201,310,260,270;4510,532,427,270;2313,265,367,;3105,,252,270;5009,280,,270;2301,,383,;1301,,222,;5122,,,255;2601,274,383,244;4511,467,363,;3802,288,,
151263:5138,589,608,270;5202,447,456,270;3105,324,261,254;4201,327,315,258;5208,,,250;1312,421,394,259;4301,342,322,263;0901,319,306,270;2601,317,301,270;4407,320,260,264;5214,438,427,217;2401,403,401,268;4005,,,230;1313,422,404,269;5122,319,264,251;4510,,,260;5203,,496,242;5009,309,,;5004,,340,;5109,,473,
151324:5138,583,587,246;4504,338,355,233;1312,374,370,235;4901,411,389,235;4201,300,269,232;5220,634,553,233;1508,592,614,234;3105,288,297,250;0901,308,281,246;2401,314,,226;5214,440,414,233;1313,380,368,255;2601,312,311,210;3103,303,315,246;5203,399,466,196;5109,283,308,250;5210,447,416,225;1101,412,484,221;1907,282,297,261;5208,437,518,195;4407,317,343,238;5201,396,348,223;4510,287,,256;5009,365,361,263;5102,,,218;2301,273,301,255;2701,,356,;5202,348,372,219;5007,243,252,270;4005,390,345,130;5213,532,538,;1310,371,376,;5401,,278,;0405,,,270;1909,232,297,244;5005,,201,;3099,380,,;1905,,455,
151351:5201,634,658,195;4404,448,450,195;0901,357,368,205;1101,610,615,195;3105,327,324,194;4227,,,194;2601,249,293,195;2401,300,321,180;5122,377,425,195;1312,406,391,215;5009,139,188,205;1107,703,706,194;1313,329,336,203;4301,342,346,169;0904,376,391,188;4509,281,,168;2615,175,297,228;4506,507,529,195;4510,318,389,176;1909,465,452,195;1609,247,284,130;2602,367,297,228;2701,397,573,208;2301,265,302,162;5102,277,252,203;5007,222,291,183;0301,335,383,184;5004,348,365,205;4005,345,410,170;5401,245,302,200;2607,,,195;5010,317,327,219;1603,226,236,215;4511,308,309,190;5005,205,233,220;4008,345,427,215;1310,419,420,195;1601,254,252,186;0502,220,201,175;3801,,252,;4502,201,215,144;3802,,311,;0501,,,205;3025,,340,;1605,,297,;4507,,280,;0907,277,301,;4201,306,312,195;4407,313,326,140;5138,563,573,224
152080:5208,846,864,190;4506,691,693,190;4510,430,457,190;1101,806,900,190;5213,,,190;2615,214,,195;1419,727,713,189;4201,387,343,186;5111,158,215,175;2601,149,282,208;1407,731,765,168;5005,419,364,190;5203,665,683,190;5214,545,549,190;5401,474,455,190;1609,379,546,190;2301,391,396,190;3020,,573,;1410,757,755,190;1408,672,707,135;4511,,390,198;2701,648,,190;5201,642,560,;3801,240,,208;4502,289,201,;4008,,677,215;2401,345,390,188;2602,,,171;0502,,351,;5004,546,,193;0301,,,173;1402,685,680,190;0501,,354,183;0402,581,577,284;1603,,457,210;1409,773,796,;1414,,484,168;5212,742,743,;1612,,201,
152318:1419,723,726,250;1107,774,1120,245;1409,742,900,248;1407,697,795,245;1410,739,743,262;2701,,765,250;1405,655,683,264;1408,675,673,241
152600:5138,611,629,253;1419,670,651,270;4201,,276,269;2601,272,282,270;1312,389,391,264;5100,,,195;1408,636,595,270;5208,503,502,266;5214,467,480,270;1107,,,251;5107,,375,270;0901,315,317,270;1313,416,376,268;5202,445,484,254;3105,333,311,263;4005,245,246,270;4510,313,360,270;5203,581,560,260;1410,707,746,270;5007,192,,;1409,730,,270;1609,349,340,269;2301,,318,;2701,,427,;2313,,286,;4407,,281,270;4504,294,351,270;4506,,405,;5009,,329,;5401,,240,;3099,,333,;5211,490,473,
153269:5214,458,504,190;4201,260,329,202;0909,423,419,215;5213,646,790,240;1101,629,624,190;0904,348,366,;0301,,,195;5208,567,577,250;5203,591,595,200;1312,411,399,270;4510,319,,205;2602,264,286,204;4509,,282,;5401,,288,;2313,,315,;2701,,652,;5004,,399,;5211,,560,;2601,,308,250;1313,,448,;5202,,493,171;5005,254,201,;2301,315,,;4511,,340,
153384:1107,707,917,161;2602,265,286,165;2701,,394,;4506,567,529,165;2601,249,318,175;4510,319,347,175;4227,,,177;1609,237,192,178;2301,205,291,176;5007,,201,168;5401,,297,175;4511,275,340,160;0502,,215,;4502,,211,;2401,292,,
153603:5202,507,544,205;1419,648,672,228;5214,449,452,215;1409,726,738,238;0109,358,383,205;5208,511,501,196;5004,371,387,266;3105,321,341,232;4201,333,308,210;1101,,,225;2601,276,321,224;1312,397,403,225;0101,460,484,150;1402,670,627,260;5203,518,535,223;1435,671,681,233;4301,365,,195;1407,705,672,201;1408,613,626,245;2613,265,292,215;5209,370,398,200;0909,396,396,231;1410,743,733,250;1909,417,396,216;1107,712,717,218;1515,616,580,233;0111,448,464,170;1907,311,318,201;0301,282,367,191;1313,409,419,178;2401,348,340,268;2701,477,445,217;0901,382,381,169;4510,356,385,223;5131,253,360,185;5401,326,315,220;2301,335,297,236;2608,304,300,216;5213,,514,;1418,665,630,230;0102,579,557,195;5207,,,208;2705,,,229;4506,494,461,213;2602,293,321,190;1609,423,367,242;0904,349,360,233;4005,455,491,202;0305,394,343,188;4511,352,368,199;0403,394,434,243;2605,357,394,228;1601,253,351,233;4502,261,220,265;3019,290,,147;3801,,,210;4006,403,347,248;2313,410,,;5001,221,,;5211,,555,;0501,320,368,;3099,376,372,255;0402,498,501,305;0406,479,469,294;5212,569,598,
153658:3105,311,319,223;5208,525,541,225;5202,399,412,214;5138,591,609,177;5214,486,466,233;5213,590,623,205;2401,386,379,219;0901,373,411,229;5210,469,480,213;4510,372,369,215;1312,387,,270;3099,375,374,218;4506,428,444,205;5007,301,308,246;2601,307,335,229;5203,562,590,215;0904,341,358,240;1405,519,569,270;1419,634,646,229;5122,,,215;4504,359,,215;1313,,,252;5102,227,229,270;0301,243,340,239;1409,,,195;2701,458,573,210;5401,269,379,214;5006,264,256,241;1609,261,309,233;4407,307,328,224;5009,320,329,270;5109,535,500,249;2301,281,269,204;4511,322,310,233;1408,610,617,270;5005,259,252,253;1407,649,650,270;1101,574,548,255;1410,730,697,243;4005,312,363,257;2602,336,329,215;4509,376,353,216;1435,672,714,214;2605,339,383,;2705,,,204;3801,,,254;3020,211,293,218;4502,290,260,243;5003,264,244,215;0501,,340,270;0502,288,252,270;1601,,201,205;3802,,326,;4507,,340,196;2200,331,396,;4201,308,313,223;5111,281,285,
154095:1312,386,385,232;5208,521,498,188;5202,489,462,175;1313,397,412,225;4201,298,335,195;4407,319,329,154;2601,328,297,207;3105,298,335,188;5214,472,457,167;2401,296,315,195;5102,88,88,175;0907,326,306,186;5215,514,452,205;5220,645,640,180;5004,348,340,220;4504,349,383,203;1907,301,305,207;1107,561,604,228;4506,544,427,172;0909,372,405,195;5401,348,340,199;0901,359,374,166;2701,394,423,177;2301,347,351,217;4510,308,404,240;5005,216,252,215;5109,,376,205;4301,,,152;5199,341,343,206;4511,310,347,206;1003,339,308,192;4507,429,,;5007,301,278,225;5009,,252,195;2705,,573,;1609,,403,200;4502,,211,;5212,543,587,225;1909,,416,206;3802,,264,;4404,,409,201;4006,,324,;5203,527,529,188
155061:5202,398,388,205;5208,447,340,150;1312,347,356,242;2401,362,373,186;1102,,,196;4201,338,299,201;5138,569,575,158;1313,357,329,191;1104,441,478,237;0101,382,345,150;5109,535,484,255;2601,336,297,195;0100,359,340,176;5203,409,402,213;4511,343,372,274;5007,267,307,220;4301,387,383,234;4407,369,340,215;5102,,,215;5214,363,333,275;4006,,,169;4510,,329,260;5209,303,,;4005,,367,307;5212,,573,190
155317:4201,314,288,205;0904,379,378,220;5208,495,513,202;5138,566,584,150;3105,282,326,205;5214,417,478,219;5203,452,461,205;1101,649,650,258;5201,453,418,208;5120,,,150;1312,408,375,235;4510,357,358,201;0901,354,411,188;5202,496,535,205;5213,,,233;1419,650,660,205;2401,369,383,193;2601,305,282,214;2602,448,318,183;2301,245,281,235;5004,325,372,260;4407,320,323,195;1407,654,597,205;1408,622,637,205;2701,429,399,270;5102,,,223;4506,431,409,247;1609,183,311,;5006,255,257,240;0301,316,266,186;5007,235,170,175;1402,619,573,250;2605,332,340,270;3020,304,206,;5212,549,546,217;5401,264,264,217;1313,394,383,148;4511,311,329,223;4005,,412,;5005,,222,;1410,,693,213;5109,394,541,246;0501,,319,;1425,712,630,;4404,,406,;4502,207,238,269;4006,,,265;1409,680,,
155399:0109,339,332,205;1312,379,374,234;1419,657,651,221;5202,462,437,230;5208,482,461,233;3019,360,,210;5214,448,452,224;5203,520,560,215;1907,281,297,230;1101,679,693,250;4227,303,,199;5131,331,412,242;0101,449,527,185;0904,340,325,210;1510,659,620,270;2601,271,297,189;4901,509,465,205;5007,270,273,270;4511,332,334,227;4501,304,313,235;1435,721,705,244;1313,387,385,215;1408,584,591,250;0111,429,416,215;5212,532,587,230;1407,718,705,240;5102,,,170;5207,432,412,202;5209,367,356,243;1601,318,,212;1410,688,717,210;5004,417,,;0901,358,313,227;2701,434,,200;4506,399,446,206;4510,380,273,245;5201,510,438,250;4407,381,370,225;1409,708,,245;2607,275,236,218;1909,380,397,217;2605,305,,175;5401,269,297,168;0301,388,,222;2301,274,240,215;1500,536,569,220;3103,335,,215;4502,204,,205;2602,,,275;0102,511,490,193;4005,,,141;4507,,427,;2401,388,297,;0302,342,304,;1104,657,,;1905,252,252,;3105,253,261,
156125:1312,,,241;5138,508,510,225;5202,428,425,205;4201,294,270,230;5203,471,540,205;1313,402,406,196;5001,168,212,221;1419,635,658,197;4301,353,305,224;2401,336,,;4407,324,300,230;5208,429,418,233;1107,,,219;1402,640,643,205;5214,330,342,167;5106,504,475,190;5100,,,202;3105,271,325,195;2601,344,232,198;5210,380,484,205;0901,319,315,227;1405,400,403,191;5102,,215,195;1435,,630,;5107,346,319,243;1500,592,,222;1101,,,137;1409,548,650,219;4502,,246,190;4510,,308,205;5110,532,524,143;5004,297,306,232;2301,,181,187;4005,402,308,243;4511,332,272,260;5009,,228,;5207,441,340,;5007,283,233,263;5206,,,217;0502,,240,;4006,,320,;5211,,515,169;5401,244,297,;1601,291,244,175;1410,634,693,207;5212,568,613,
156620:4201,256,267,230;4301,299,312,202;2401,301,264,205;5138,587,573,223;2601,259,170,233;5201,379,340,265;1312,329,311,249;4407,334,300,283;4303,407,368,270;4901,386,387,238;5123,,,160;3105,214,260,253;4302,487,498,270;5203,396,402,215;5214,384,363,234;5122,271,285,224;0901,275,308,220;4005,273,,200;5208,329,,155;5202,426,434,215;4510,353,220,190;1101,506,490,233;2203,275,297,;5220,596,573,245;1907,246,271,253;5007,268,224,265;3099,200,,245;5009,,228,193;5109,419,394,250;2301,210,222,205;0306,236,257,172;4511,,252,;0907,250,225,229;1310,321,328,284;3103,255,249,250;5107,324,383,243;5212,,394,268;0103,361,351,204;1313,330,322,200;5110,494,528,176;5401,218,229,243;1609,,260,;4502,,236,;1515,,637,;0909,265,299,250;4304,,484,;4006,,290,
157085:5214,387,449,225;5201,418,433,225;5138,580,571,254;5208,508,518,208;4201,246,267,235;1313,298,301,228;0901,342,343,225;1419,626,666,233;2601,215,216,223;0909,360,376,230;5203,503,500,226;1312,350,355,225;4510,292,281,205;1101,601,594,215;5122,283,,233;5100,264,,230;2615,,,245;4407,283,272,225;1408,552,523,225;5001,,,203;5206,474,430,204;1407,606,673,230;1104,429,,250;0402,358,347,208;1905,245,209,200;1409,646,693,215;0101,400,383,195;1410,675,687,235;1909,353,348,226;2301,232,297,202;2401,,,235;0904,314,318,250;5102,,,260;4511,178,282,240;4506,400,444,250;5401,226,304,188;0301,278,311,206;2701,376,410,181;0109,293,282,208;0103,303,311,195;3020,267,324,246;4005,264,297,220;4502,239,207,205;3000,295,,251;5110,524,528,157;0907,258,267,228;5107,352,,233;1609,297,301,;5007,236,230,233;5009,,,220;5209,398,368,211;2703,,461,;5010,252,264,270;1601,235,,260;0305,,361,;3801,,286,;5005,,178,255;1310,372,365,253;5004,457,448,263;4507,,372,
157289:5138,581,583,197;3105,309,312,203;4201,294,306,220;0901,334,340,207;1313,482,469,188;4301,330,368,188;5214,378,425,195;1101,,,205;2601,244,297,195;1419,654,626,215;5203,492,510,186;4510,333,310,181;1312,371,363,205;5122,322,,183;1409,643,685,213;5208,483,455,209;4407,341,293,205;5007,288,309,248;1410,697,688,131;1407,676,777,205;1408,,605,250;2301,284,277,196;2401,228,267,246;5202,,353,;5206,359,427,162;1435,676,,230;5106,500,508,230;5401,291,304,215;1405,581,,155;1609,243,304,204;5009,197,274,137;4502,349,212,199;4507,357,277,;4005,,427,217;4511,291,336,208;0502,265,,278;2701,352,405,180;3801,,215,;5212,549,630,223
157447:5202,430,492,195;5138,566,553,231;1312,338,337,235;1101,539,591,229;4201,290,290,245;2401,306,363,221;4407,346,330,244;0901,369,374,224;5100,517,547,188;5210,414,431,250;2601,312,345,209;5109,446,419,273;4301,348,340,228;5005,180,221,181;5007,267,258,249;0904,264,292,254;2301,256,240,211;5401,286,278,245;5220,613,630,179;0909,341,348,242;1104,273,366,250;5004,363,331,;5212,469,569,221;0301,,266,;4005,361,416,;5206,,497,;4511,,326,;4510,276,,195;1313,320,314,270;2701,,465,;4502,256,211,;1310,356,361,270;4501,326,,;5009,,240,268;1609,336,234,;4509,,286,;4006,,340,;5203,478,518,195;5208,462,427,212;3105,327,397,230;5201,471,442,278;5214,403,383,205
157951:5202,391,392,208;5138,562,563,226;2401,312,272,260;5214,395,413,215;1312,328,327,222;4201,247,240,223;3105,264,284,229;2601,229,269,208;0909,313,332,250;4407,315,313,218;4504,271,291,258;5208,397,412,195;5203,397,470,228;0100,324,326,225;5107,357,340,270;5007,244,255,270;1101,507,461,188;0904,273,297,233;5100,293,279,195;1419,652,630,267;1313,290,340,269;4510,291,340,205;0901,308,290,230;1909,268,266,270;4506,407,427,;4511,266,311,260;5009,194,212,250;1408,508,516,212;2301,207,255,205;5102,,,195;4005,246,238,;5209,251,290,235;1310,327,357,260;5401,255,312,211;2701,347,333,;5005,198,211,215;5106,457,431,210;4507,,340,;5206,,416,;5122,341,348,221;1609,253,335,;3103,,276,249;4502,201,269,;1410,622,700,;4501,288,336,;0907,182,245,270;4006,,354,;5212,397,427,;5213,420,447,215;1510,500,630,265
159009:4301,213,262,345;2601,233,233,310;5202,254,308,340;0901,,205,318;1313,242,354,360;4201,204,276,350;4407,265,231,408;5214,,,371;1104,421,,305;1907,,,480;1500,,405,358;5203,305,340,344;5138,,682,
159391:1313,281,312,219;2601,184,243,204;0901,353,377,215;5220,635,671,230;5202,414,436,195;4201,250,293,205;5214,367,391,214;3105,280,335,220;4511,266,314,215;3099,355,318,211;4510,274,322,195;5208,477,573,185;1107,549,560,200;1408,593,613,213;5203,525,577,195;0109,243,308,228;1419,708,714,185;5213,515,605,215;5102,247,369,195;5007,242,246,197;1407,803,765,205;2301,326,273,213;1312,417,425,210;1410,740,690,202;5401,292,335,186;1405,380,311,215;0302,269,238,233;1909,279,,205;1435,607,739,215;2602,,,162;3019,254,282,243;1425,756,601,242;1907,,,243;0402,451,469,265;5005,203,226,210;2701,448,427,150;0101,,433,246;3020,229,238,215;0405,375,409,178;1414,567,509,237;4006,378,383,195;4407,,411,;5009,291,329,195;1609,264,261,218;4005,534,509,149;5206,,,205;5211,396,436,176;1409,722,669,;0406,,513,;3801,252,282,184;4502,272,258,159;2401,,272,196;4507,446,311,;0301,427,372,
159656:4201,231,211,259;5010,180,144,269;4504,,,250;5208,409,405,;5214,276,,260;2601,,,270;4510,,252,270;5202,279,351,270;0909,360,258,247;5009,182,,269;5005,232,,;0904,308,,261;4511,,,246;2313,210,,270;4227,,240,
160612:5202,330,362,205;2401,292,281,219;5138,606,617,215;2601,270,281,188;3105,233,297,239;4201,232,247,243;1312,401,394,210;4301,285,318,230;5203,384,438,197;5214,319,314,193;5007,251,215,228;5122,320,297,260;5102,239,270,209;4407,229,279,276;0901,260,272,207;5401,238,264,226;1101,581,,215;5208,409,396,154;1500,515,521,265;1107,448,568,;1313,420,373,230;2301,246,260,185;5009,,340,310;4510,,252,257;4511,,290,253;5109,,267,
160621:5138,636,621,310;4301,279,275,271;5202,328,308,288;5123,277,275,351;4407,277,270,300;4201,236,238,310;1107,405,324,288;1419,722,512,284;2601,318,291,291;0100,,388,265;4511,268,227,292;0901,224,261,270;4510,241,,270;5203,335,372,253;3099,343,308,366;1408,514,490,311;5214,,260,270;1410,449,521,;5102,304,,351
160658:5138,675,659,155;2401,294,258,240;1313,328,295,251;5202,345,343,222;4201,208,249,244;2601,205,290,213;1312,380,379,230;1107,528,565,228;1419,659,584,222;5203,400,390,237;5102,255,233,220;5208,347,361,251;0909,289,285,246;4301,285,297,231;5214,336,336,231;1907,272,269,260;5007,207,226,247;1407,746,591,209;1101,498,488,259;4510,224,261,221;5009,196,,251;2301,215,237,255;5107,348,380,243;1408,593,521,270;1410,635,573,215;4005,338,,;1425,696,619,205;0901,271,321,270;5401,,297,150;4006,411,,;4511,205,228,243;2701,393,,233;5001,224,,;5004,,,204;5206,,324,;5209,367,267,;5006,187,260,
160755:4201,322,356,203;5208,644,643,213;5199,289,260,195;0901,398,351,231;4510,303,333,195;5202,428,556,193;2615,203,264,195;4506,406,435,195;5214,493,487,194;4511,255,264,120;4509,354,351,200;0301,198,354,195;2301,184,269,200;5211,467,,215;4502,,308,195;5007,282,,;5401,,,215;2604,279,,145;2701,,,157;3801,,,195;1107,,,190;1405,545,,225;3099,,220,193;5100,,313,261;1609,272,297,205;2601,244,227,139;1407,722,693,;4399,379,468,257;0907,194,,;2401,,329,;4501,342,326,368;0501,,297,;1102,522,351,293;0909,393,,270;1101,,506,;2203,358,,
160904:2601,178,242,255;4201,264,249,270;5122,230,277,270;4005,,264,270;5202,364,282,270;4511,,236,
160977:4227,,,138;4506,558,693,130;4510,506,383,115;0301,229,264,96;2601,332,,129;4511,,356,134;2701,397,,;5401,,513,;2615,361,,;2301,,308,;1609,,222,;4201,397,252,
161004:4510,519,502,196;4506,611,710,195;0501,462,421,240;2701,,671,;1107,,1042,;2601,447,390,;2301,,228,;2615,,394,195;0301,,252,;2602,395,,;4511,341,308,;5007,,308,;1609,,329,
161086:4506,585,580,243;4510,440,471,270;0301,372,,193;3020,444,427,;4201,,383,;2601,,308,;1609,446,,175;0501,,340,;2301,,412,;4502,,450,
161253:5202,373,404,264;1419,651,628,261;5138,632,612,270;4201,274,284,260;5214,391,410,250;1312,344,337,263;1313,296,304,260;5208,403,423,234;3032,249,291,270;2601,306,284,250;1408,572,525,270;4510,321,,248;1907,288,286,245;0901,345,252,252;1510,630,560,264;0301,247,246,253;1508,599,560,267;2301,292,236,233;0109,278,282,250;2401,309,,202;4511,327,266,264;5203,376,340,270;1407,669,725,198;0306,315,257,268;1107,611,,262;4407,354,297,230;1503,695,685,270;1405,457,438,204;0907,318,354,250;5102,313,,270;4506,314,458,230;5401,,,270;4502,241,,270;1409,643,,;1410,679,737,255;2607,264,,268;5007,259,,289;0305,429,,233;4509,,291,230;0904,252,,270
161554:5138,583,574,200;5202,433,432,186;5109,311,329,190;0901,313,319,177;4201,343,297,150;2601,318,345,176;2401,329,236,228;4510,361,394,156;2301,261,258,175;1410,700,645,;4407,319,304,167;5401,303,329,228;1419,597,617,309;5203,457,459,181;5214,421,413,189;0301,339,376,260;1107,622,,175;3105,300,,244;4504,386,416,225;1313,297,326,;1601,,,230;5208,464,549,160;5009,,183,;4506,,416,;5007,248,246,190;5209,312,,185
162007:5202,457,461,229;1002,316,270,228;4201,344,325,230;2601,268,,265;4301,360,329,215;1907,342,345,205;4511,335,377,226;4407,336,236,235;5004,,267,;5138,686,620,215;3105,,,208;1312,,437,;5401,,,270
162283:5138,689,732,230;4201,285,340,270;4301,409,328,250;4407,360,311,250;5111,,,255;2601,,383,200;5107,393,361,300;2401,352,318,353;3105,,252,;1312,455,359,305
162928:2604,214,222,108;1101,1060,1086,128;5122,293,427,128;2701,700,869,109;4506,692,750,123;2615,248,297,128;1405,354,725,112;4227,,,145;5009,133,252,224;4509,575,502,120;1407,512,,146;1419,706,710,108;4510,521,473,;2602,,146,;3025,201,252,;2601,196,304,;2313,354,326,137;4005,,,124;2703,,450,;1410,,797,;1409,,847,;3099,339,,138;4201,285,368,
163204:1104,654,646,191;5202,525,542,220;4201,362,363,200;1101,626,649,190;5210,491,472,231;4301,467,465,204;1110,620,663,227;5107,423,444,240;5203,502,514,199;4501,364,352,217;0901,478,446,230;5138,787,755,125;5208,576,542,183;5401,439,416,164;2200,410,473,267;4304,,438,254;2301,344,340,189;4510,527,502,199;5214,444,438,206;1003,353,473,230;4404,554,,212;0301,489,562,203;2401,269,,128
163268:4201,304,296,188;2601,236,252,185;1107,697,700,195;1104,598,621,195;4407,341,337,192;4506,454,473,200;1419,620,602,196;4510,354,322,195;1110,413,449,195;5199,387,383,187;2701,512,488,165;0901,278,343,205;5007,204,247,215;2602,326,351,195;2301,266,354,178;1407,563,636,205;4511,288,409,200;5401,292,286,196;1409,757,731,197;1601,280,372,193;0301,338,304,195;3020,329,383,204;5004,376,318,203;5009,195,326,263;0501,229,275,219;4005,,,168;5005,223,215,175
163286:1107,,,195;1104,674,665,195;2601,250,255,180;5122,378,399,215;4201,317,338,195;4506,499,518,190;4504,370,436,180;5208,666,681,195;1419,696,697,195;0901,417,469,173;4510,427,431,184;2701,568,608,195;5214,537,518,195;5202,597,593,195;3105,305,365,205;5203,620,644,150;0904,383,396,215;1402,664,679,211;5213,677,728,149;0402,466,461,209;1408,647,674,205;2301,361,336,195;1409,884,805,204;1410,748,718,210;1907,334,368,186;4405,,,205;5007,350,360,194;5401,343,378,210;1312,471,475,186;2613,367,293,195;4511,350,361,188;5102,273,221,215;4008,485,473,195;0109,352,310,215;3801,,333,195;1407,682,630,223;2602,317,306,195;0301,345,349,196;1499,683,699,185;1609,249,386,197;4005,502,340,167;5009,,383,216;0101,421,451,150;5211,577,527,225;1418,610,663,;4507,438,398,233;5005,211,217,205;4502,223,397,201;0100,,504,;1601,324,212,;1603,308,509,;1313,,429,;5006,245,,;0501,361,388,178;0502,380,351,163;0406,455,,;1101,847,847,
163453:2401,432,,288;1410,716,660,285;5202,411,419,290;4407,284,308,313;4201,311,312,308;1408,532,612,209;2601,249,275,270;0904,271,292,288;0402,392,365,271;1101,,573,;1104,468,,244;4511,353,304,270;4510,312,351,270;5203,426,454,216;1312,475,,306;5208,416,461,259;5138,679,677,;5214,401,340,270;1313,316,309,310;1435,662,693,275;0909,289,351,310;5220,618,630,260;1003,,,310;1905,308,297,;5007,286,156,300;5209,387,293,296;2301,293,308,;5009,171,,275;5401,,228,;5213,394,397,;1107,490,,
163851:0901,311,360,213;4201,244,307,205;3105,290,275,215;1312,443,446,205;4407,326,295,223;5138,654,633,215;2601,329,320,214;5202,435,481,200;5214,454,443,203;5208,507,582,220;1104,486,576,230;2401,311,321,205;5007,236,252,215;0301,278,279,195;5203,577,569,230;1313,373,388,223;5401,439,335,205;2301,328,302,215;5109,586,543,302;1101,576,746,243;4510,280,351,215;2701,480,434,233;4005,,416,270;4507,349,383,250;4511,309,340,200;5110,600,534,;1609,404,396,;4008,,461,203;4506,,488,;3099,282,,151
164076:5202,481,492,173;4201,297,309,175;0907,243,188,190;3105,306,354,190;5138,677,670,205;2601,315,298,190;1101,496,558,195;1312,459,445,175;1107,672,668,176;1310,467,470,171;5007,308,340,168;5100,387,376,208;0901,371,401,180;5107,415,418,235;5203,578,547,190;4510,319,376,174;2301,356,331,194;4506,486,421,157;5102,183,294,212;1313,455,447,205;4005,401,340,212;0301,320,329,180;5401,354,419,183;2701,535,545,215;5005,,233,175;1104,507,565,220;5009,226,252,188;2602,315,394,200;4509,243,379,218;4507,,427,;3000,265,,;3099,,310,;0501,,361,;0502,,326,186;1907,291,297,173;1601,315,372,;5003,198,220,205;4008,,,243;5109,,,244;3801,,,233
164465:4506,788,746,167;2701,650,677,139;4227,417,461,108;4510,514,484,;1107,963,,168;2301,277,340,;2601,246,,;5401,433,746,;1609,,671,;0502,369,,180
164580:5202,610,616,228
164739:5208,634,643,250;5203,648,624,270;5202,608,537,250;5214,534,543,260;2401,626,601,260;5213,714,797,250;1101,709,742,253;5206,581,582,260;1110,678,,247;2701,,640,193
164748:5009,205,222,234;1108,,,243;5010,208,319,255;5005,,,270;5123,,,238;5003,,220,270;1313,,297,
164924:4506,648,691,180;5208,743,755,180;0901,491,469,180;2601,386,330,190;4510,460,443,180;1107,897,841,180;5203,699,699,180;5214,586,630,180;4201,373,427,180;5213,650,,180;5138,701,710,130;3801,517,333,180;5202,669,640,181;2301,367,417,189;2615,,,175;2701,618,706,180;3020,396,427,190;1104,697,765,168;5401,453,377,190;4511,382,434,185;2602,350,311,190;5207,714,,190;0301,399,340,172;1312,,413,180;1609,,521,;5007,,324,;4005,,513,190;5005,275,240,
164988:5202,605,606,232;4506,537,535,242;1107,822,850,231;4201,367,343,233;4509,389,388,234;0907,325,351,222;5100,345,357,259;4510,391,387,233;2602,387,343,250;1419,694,689,250;2615,376,367,243;2701,431,473,193;0901,419,476,233;1405,614,677,255;1409,905,824,260;2601,300,324,260;0904,367,383,245;5209,461,477,233;2301,329,360,258;3099,,497,244;5005,259,252,268;3801,363,264,254;1410,611,708,266;5401,372,300,260;5199,,,268;5009,,333,270;4511,330,423,264;5007,247,260,205;4005,348,413,260;5123,329,367,250;1601,,318,;1313,419,427,255;2613,322,286,247;5004,464,427,210;1312,373,385,270;4502,,246,253;1609,311,340,;5102,,252,;0501,,319,;1310,464,506,270;5110,679,521,;4407,318,390,;5001,282,297,;1301,348,,270;2401,379,,;4227,344,380,
165015:2601,339,255,255;5201,620,542,260;4506,551,664,253;4227,406,,268;4405,404,331,250;1107,843,803,261;4510,430,444,233;2615,338,326,260;3020,404,452,257;0501,389,372,260;4511,425,383,270;5401,301,372,233;3801,,286,;2301,301,372,260;0301,394,252,;4502,,329,260;2701,494,383,266;4005,368,,255;0502,349,314,242;1301,,390,;2602,407,372,270;1601,438,286,;5006,444,290,;5007,,361,;2313,,404,;3099,,376,;5005,,172,
165024:4201,340,324,240;5213,423,444,250;4301,363,384,241;1313,339,347,245;1312,363,358,270;0901,338,346,243;4407,382,370,250;5214,,,233;2301,314,331,260;5203,441,469,230;5401,333,340,268;2601,368,388,233;2701,419,441,250;5007,348,294,247;4511,347,336,252;5102,264,,240;1107,526,606,246;1310,409,369,270;4901,392,416,250;4005,426,442,270;4510,358,333,208;4006,404,301,195;4506,380,434,234;4502,,269,;1609,385,,283;4507,349,365,270;5109,307,313,
165334:4201,293,294,260;5202,,,253;4510,338,272,259;2601,254,345,260;4506,389,,270;4511,298,244,239;1107,806,746,;0301,307,,254;2602,,,265;2301,187,286,262;5007,202,196,269;5401,,221,270;5006,,156,;0901,309,324,
165662:5006,284,291,233;2313,305,320,238;5005,228,268,250;0904,387,390,236;5214,445,443,215;0909,426,383,237;0901,384,282,237;3099,,,235;1313,,356,;5102,,215,260;0907,312,323,
165866:4201,309,329,250;5201,403,368,250;4504,369,365,250;2401,351,297,205;1905,366,377,231;2601,344,383,225;1909,363,319,260;2301,366,278,258;4511,328,305,270;5212,473,480,;5203,449,,250;5138,778,765,;1101,549,521,250;5208,450,434,260;5214,438,455,245;5007,243,326,250;5401,314,280,270;2701,435,,;0301,372,313,;4507,278,317,
166027:4501,429,521,228;4506,895,790,66;1107,1401,1287,;5401,504,496,127;4510,588,570,;2615,363,416,;2703,1027,909,;2604,433,473,;2613,419,427,;4227,539,573,;2705,782,1287,;4511,583,566,;2301,315,379,;0502,,297,;4502,,264,;0501,,419,
166513:5202,464,431,215;4301,402,404,215;4201,332,334,233;1107,740,716,250;1419,634,606,250;1104,602,618,220;2601,396,383,228;1410,697,670,254;2301,298,288,250;5138,670,647,270;2401,355,300,226;5122,388,376,250;1409,658,746,263;1407,628,635,268;1408,600,565,270;2701,439,457,237;1405,,,248;5009,259,258,270;5110,569,596,264;5401,329,221,226;4510,369,256,182;5004,,,241;0301,,,261;4005,481,,267;3019,310,,273;4511,389,,215;4506,392,369,233;5007,307,319,260;4008,,,217;1508,780,,;3801,,220,;5123,314,322,261
166629:4201,334,320,222;1107,792,782,227;4506,495,496,223;2601,313,324,243;3099,408,407,225;0901,387,403,205;5202,549,527,205;5208,579,575,205;5122,353,362,217;2701,495,490,210;4510,350,350,204;5214,495,473,218;5138,686,686,250;2602,395,383,233;3105,395,395,233;1419,667,656,253;5203,626,636,229;0301,291,279,228;4511,368,361,215;2200,353,358,215;5209,453,439,215;2301,325,312,218;5401,238,305,213;2401,326,300,226;0904,322,333,215;1408,621,609,270;1609,347,394,;2605,410,358,238;3019,295,,205;1407,598,583,270;1409,717,755,270;1101,,521,;5102,271,207,224;1301,342,364,;4008,555,286,262;1410,722,693,270;1601,266,244,;0103,210,246,200;5009,289,340,;1435,725,693,261;5007,269,277,224;4005,478,421,;4502,230,238,;3801,385,304,;5005,257,244,;0109,296,236,267;0502,295,302,;1603,235,313,;0111,251,,233;1612,251,215,;0406,490,487,
166638:5138,699,711,241;5202,475,466,211;4201,356,348,230;2601,362,340,211;3105,338,367,230;4301,431,420,243;1101,518,516,216;0901,386,397,243;4506,417,447,225;2301,291,325,242;4510,393,282,215;1312,354,394,250;0301,372,351,204;4511,360,376,253;5007,241,176,;1410,,,245;5401,338,286,238;4502,311,372,228;2701,,412,;3801,333,297,;2602,369,383,231;4407,419,370,261;0502,304,390,270;1609,382,392,;0501,,397,;4005,,252,
166683:1107,1182,1280,111;1419,804,796,115;2701,828,1176,98;1410,1042,1212,110;4506,,1109,;4008,,847,185;1402,726,832,177;1407,815,810,170;1405,467,,130;1418,802,652,;2601,464,358,;2615,436,,;2401,853,,119
166850:1907,310,288,260;5202,457,443,270;0901,379,383,258;4301,390,252,270;5100,300,,270;4201,326,361,270;2601,379,,270;1408,643,,270;1419,593,,270;1107,657,,;1410,714,,;1301,316,297,270;4510,,,270;5199,,,270;0301,,252,252;5401,,,270;5109,310,,
166939:4227,,,243;4510,422,351,210;4506,566,383,;2601,282,286,218;0301,253,286,213;1107,,,208;4511,,438,215;2301,,290,229;1609,304,369,238;5007,,264,234;4509,394,457,185;2615,331,,249;0501,,215,;4502,,329,211;5401,,240,236;3099,373,297,;0502,320,304,;5006,,201,;4201,312,304,
167057:5009,108,119,270
167358:5201,654,631,225;1101,953,894,226;1419,699,728,255;5107,416,383,265;1499,,,225;4506,567,600,233;4510,452,497,216;0901,486,499,215;2601,439,381,248;2615,340,376,240;5138,693,702,223;1409,885,896,250;5211,610,655,256;4227,354,380,233;1408,693,663,248;2701,698,642,218;1410,777,768,246;1407,693,720,266;1435,695,665,250;2602,485,449,233;5120,,,310;0301,430,372,230;4301,447,424,209;5123,,,275;5004,451,591,255;4509,420,440,210;2604,,,215;5009,293,354,255;0904,389,416,240;4008,,742,268;2301,394,347,213;5401,351,427,215;4005,541,458,216;4511,254,360,270;5007,,353,;5202,688,555,;5208,525,534,244
167729:5138,687,693,270;4201,335,355,227;4301,393,363,218;2601,374,413,265;5202,424,433,243;4407,361,371,250;1101,505,677,263;5107,,,250;2301,275,324,263;5401,299,329,255;4507,310,315,215;0901,293,357,248;3105,339,313,250;1301,321,317,255;2701,397,383,;4006,368,286,;4510,370,,;4511,368,361,253;5007,272,259,270;5009,,295,;2401,,282,;4005,433,457,258;5001,263,236,259
167783:5138,693,678,221;4201,,410,263;3105,,,270;4407,,,109;4510,343,390,223;4511,394,383,;0901,369,372,233;5122,458,383,270;5202,,553,;2301,,372,;4506,398,493,;5214,,504,;4509,,360,
167835:4510,408,392,190;2601,203,258,190;4227,290,186,181;4506,,477,190;1107,766,720,190;2301,275,329,190;5007,217,228,190;2701,,297,170;0301,194,286,175;1609,270,280,190;4511,227,354,190;0501,301,344,190;2615,,346,186;0502,246,225,183;5401,324,264,190;1301,,318,190;4006,,119,;4005,381,427,;1401,625,,190
168005:5214,461,471,270;5208,490,529,270;0909,353,356,260;5202,426,449,269;2200,455,324,270;4201,331,378,270;5203,487,501,270;4510,363,401,260;4511,378,410,270;2601,407,326,270;5207,450,464,270;5004,406,446,270;1104,,521,260;0904,,,205;3099,,,233;5005,220,,270;1107,,,270;4506,380,484,;5401,348,236,;5007,,267,;3801,,388,;4509,291,308,270;0901,362,371,;5213,471,,
168148:4506,633,718,179;1107,963,980,155;2601,363,343,163;4509,470,481,163;4227,348,438,155;4510,449,383,179;5122,421,419,183;1419,700,668,163;5007,246,235,240;1907,355,335,162;1405,,,155;4511,332,557,150;0301,290,419,181;1609,386,455,152;3025,432,394,180;2701,,,178;3031,,697,;2602,367,,;2301,321,383,147;5401,472,394,155;3801,,267,;1407,565,736,;1410,,847,;0501,332,351,;1408,,630,
168218:4506,708,765,112;1101,1104,869,134;4510,377,369,118;4227,361,,118;2615,254,383,79;2601,305,318,99;0501,367,344,96;0301,,297,;1108,705,,;0502,506,340,;1609,370,333,102;5007,268,363,;2301,378,313,109;5401,294,419,;4502,,182,
168227:1107,766,760,250;5220,728,688,270;1419,717,663,270;5004,505,499,270;1405,640,615,270;1408,666,651,269;1410,744,714,260;1409,742,,270;1104,596,,264;1401,674,,270;2703,,677,;5202,687,650,;0402,468,501,250;1503,623,608,;1508,608,626,
168263:4301,369,421,215;5201,407,428,233;2401,342,327,260;4201,306,323,260;1312,313,320,263;5138,716,683,210;0901,336,323,233;2601,304,354,245;3105,311,316,268;4407,367,367,250;0301,316,340,222;5401,344,293,210;4506,391,490,200;4510,354,351,210;2301,,340,243;1310,395,377,270;2701,410,427,;0403,374,356,236;1107,616,645,270;5007,256,249,235;1104,448,397,183;0502,,269,;1609,,369,270;4511,,329,;5009,192,,
168342:4506,833,765,129;4201,408,347,134;4510,480,515,108;2701,552,534,138;5401,400,495,;1107,1095,962,122;2601,410,340,135;2301,301,405,131;4005,357,255,120;5007,260,383,119;1609,,496,;0501,379,444,;2705,658,,;4006,,251,
168421:1419,681,691,270;1107,866,952,270;1405,575,667,270;1407,678,729,270;1410,743,725,269;1442,773,,270;1402,723,719,270;1408,671,636,270;2601,438,403,270;2701,573,630,195;1435,727,765,263;2602,434,383,270;1108,409,,247;1414,592,540,;5212,,793,;3099,,573,
168847:5138,585,732,364;5202,436,454,280;5107,361,354,305;1110,497,509,312;1907,316,289,392;2401,414,455,286;4201,325,300,318;5203,421,409,347;1312,380,330,313;4301,353,379,406;5210,433,427,341;1102,544,529,;5214,432,335,316;1107,611,546,348;1419,677,,;5123,,,244;1301,,264,;5109,489,529,;5208,394,467,285;0907,323,261,;1003,399,416,;2203,313,,
169080:1401,621,652,224;5138,585,578,253;4201,285,297,238;1312,375,351,195;2602,299,297,270;1107,506,610,183;3105,195,319,248;1313,376,313,260;2601,207,284,197;5203,559,576,233;2313,221,246,;5102,,,195;4407,277,308,270;1310,,390,;4506,,244,200;4510,,340,;1609,348,311,195;0301,,297,;5007,,260,;0901,310,324,233;3099,,237,;5123,,,230;5202,416,460,200;5401,,240,;2701,397,383,;4511,,286,;5006,,,198;0909,329,340,
169248:4201,249,288,270;5202,492,521,270;1313,392,382,290;3105,291,309,270;5214,504,527,270;1907,285,284,270;0909,354,379,270;0907,268,288,270;5208,506,465,255;5102,,144,233;5209,363,374,289;5203,542,510,281;5004,347,395,275;0901,342,410,270;5212,625,638,265;1310,409,398,310;4510,267,357,260;1107,623,661,260;5210,493,466,267;2615,248,288,250;5207,402,392,270;1312,382,374,270;4407,343,301,270;1419,670,742,270;0904,258,252,270;5107,407,432,260;0301,246,285,286;4502,225,229,280;1101,569,634,270;2301,222,272,270;5123,359,361,263;1508,645,685,280;4404,,,270;5009,247,252,280;1410,695,744,285;4511,289,317,270;5401,273,306,220;5005,219,208,270;5007,264,225,310;5131,182,201,249;1609,350,301,267;2701,493,306,;5109,361,340,270;5213,500,590,205;4506,424,397,270;4507,372,345,263;5122,,410,;2705,475,573,;4509,280,340,268;2602,254,,;4006,,364,310;0302,,444,;2200,328,,;2601,249,293,270
169798:5138,650,624,182;4201,280,268,270;5202,440,513,211;1313,370,349,293;3099,341,295,250;4407,303,306,270;5214,412,423,226;0901,332,323,266;1107,587,622,;3105,329,354,236;4504,352,385,270;5203,452,442,212;2601,316,271,234;1110,,,225;1312,383,357,277;5004,,351,;5107,389,381,267;5007,273,264,263;5208,432,509,215;1310,394,376,310;1515,,519,198;4510,272,252,261;5123,328,371,270;5201,456,427,226;5220,637,640,235;4901,452,473,296;5401,275,,295;0301,275,,242;0904,274,293,307;5122,314,,270;2203,,348,;5102,,308,268;2602,,311,244;2301,263,302,306;5005,214,217,270;5209,346,352,225;5212,,612,250;2701,,419,300;1508,623,693,270;2313,220,215,;4005,387,372,195;0909,358,364,266;4502,,212,270;4507,,,150;5131,461,468,279;1907,293,,296;4404,,351,;5110,574,573,;5211,441,427,240;4006,,340,;3801,,252,;4506,427,264,192;5006,259,294,270;5207,272,410,;4511,313,291,311;1601,,252,;0502,304,264,;1101,610,671,215;1503,,653,;1603,,286,;1003,253,252,270
169983:1419,765,803,280;1107,693,777,275;1409,769,,300;1410,749,786,300;1435,,700,;1407,752,832,290;5202,,547,
170082:2601,319,328,243;4201,281,298,230;5214,438,460,225;1301,386,368,283;3105,276,,243;5208,476,494,215;5199,303,313,249;5138,598,575,250;5203,469,508,218;0909,371,372,250;4301,348,390,250;5213,460,460,250;5202,520,552,250;2301,375,345,270;4407,319,302,252;0301,300,322,226;1313,304,302,290;1101,622,660,243;2401,364,348,277;5209,353,348,255;5006,234,247,245;2615,279,,242;1419,701,693,260;2701,415,406,253;4510,296,340,233;0901,307,303,230;4501,394,355,269;5206,473,491,243;5109,489,528,254;5210,439,,233;5201,406,450,210;4404,344,339,250;5007,288,254,270;2705,388,431,270;2313,233,271,243;2602,393,,251;1310,,,283;2203,364,357,215;1104,584,591,289;1410,746,,291;5123,362,356,260;1609,327,348,270;4502,241,264,270;5009,327,337,291;5110,,,312;4006,365,376,270;4509,339,303,185;0907,309,309,270;4005,400,407,232;1436,683,,243;5401,270,312,255;5107,349,,273;5207,,,239;1409,,,250;4506,360,427,249;4511,282,319,225;2604,,345,;5211,441,506,243;0502,335,284,;4507,377,366,193;3801,227,201,255;5003,,240,;5005,,201,;5111,286,276,250
170301:5202,411,444,255;4201,269,220,245;1401,623,671,270;5138,570,581,270;3105,261,252,270;1313,410,386,270;2601,251,233,270;0901,330,354,270;1312,395,394,258;1310,399,408,;4407,246,316,267;4005,320,297,266;2301,265,236,245;4510,270,449,245;4511,264,281,245;5203,564,588,270;1609,277,201,270;3099,271,218,;5007,,252,;5005,,152,
170976:1101,1006,943,195;4227,301,300,178;4506,620,618,188;5202,831,832,190;1419,754,761,205;2602,188,281,171;2601,246,304,188;3105,366,425,189;0901,458,475,199;4510,406,403,180;2615,192,231,175;2701,665,659,207;5138,645,637,175;1435,756,772,198;1104,713,765,176;1402,678,707,211;5007,327,330,188;3020,338,340,152;4511,300,348,184;0301,235,239,155;5401,319,293,191;1410,784,821,174;1409,849,794,195;1609,268,303,167;3025,377,,220;2705,608,544,232;1405,,710,190;5122,,,168;2301,290,321,169;5006,298,287,190;5009,216,199,190;4405,444,444,210;1407,752,751,210;1312,405,411,144;4006,337,363,179;4008,427,340,211;5005,241,279,204;2401,331,368,188;0402,395,394,150;5210,613,671,142;4502,213,201,140;2613,212,184,152;1408,653,660,188;1418,739,716,163;5106,463,509,179;0501,193,344,138;3801,,326,191;5120,,,158;1605,217,302,180;1601,208,220,137;2605,306,162,183;0502,266,244,148;1414,565,608,176;2313,203,,140;4005,,383,215;1423,411,534,205;4002,193,,;2604,236,219,194;3099,473,465,190;1108,823,,192
171100:0909,390,418,226;2601,239,260,252;4201,277,305,236;0901,371,390,253;5202,617,627,215;5208,619,602,225;3105,282,283,246;1101,763,753,225;1419,713,759,233;4506,482,488,222;2615,217,252,242;4301,375,375,250;5214,581,550,223;5138,623,616,250;1515,667,674,234;5203,581,600,225;5209,451,433,218;5210,491,630,233;4510,320,380,215;1301,400,401,260;0109,342,355,250;4511,311,356,258;1907,322,305,282;2607,244,252,250;2200,204,313,248;1407,701,714,253;1410,717,771,225;0904,325,376,235;5004,373,387,270;4501,337,383,281;4509,429,442,238;1401,662,640,223;2602,370,380,221;1408,660,638,265;2608,336,311,250;2701,490,392,193;0301,276,340,231;2301,359,324,250;2705,525,,236;5131,248,407,224;0306,289,252,283;5110,364,509,260;1409,755,801,230;3020,304,310,260;5009,352,370,268;0101,481,504,215;3019,216,323,232;4407,299,322,244;4008,349,521,270;5401,287,286,250;2605,381,344,266;4005,423,416,268;1499,578,573,218;3099,230,273,261;1510,657,684,253;1110,450,,224;1310,,397,264;1609,328,269,270;2613,264,222,250;5005,241,240,222;0302,416,,205;0111,355,351,226;1418,686,693,244;2401,,324,270;4502,213,207,278;2313,369,409,244;0112,417,412,195;1313,400,,254;3103,267,231,233;4405,341,390,258;5007,275,260,279;4507,277,419,;5213,607,587,229;0305,341,,294;4006,397,406,289;1603,306,329,213;1601,258,188,249;1605,,,230
171128:1419,695,716,270;1410,722,760,270;1407,684,705,239;1107,721,750,233;1408,626,632,246;1409,702,782,270;1405,627,665,270;1414,575,516,260;1508,633,652,296;1110,661,655,270;2701,663,,175;0305,393,432,255;1515,,,279;3105,,351,193;1418,675,736,260;0306,,351,;5110,,509,250;4005,,419,;5202,429,591,;5208,436,428,;2601,237,329,212;5214,,473,;5212,,685,280;5203,488,,;4201,,215,
171456:5138,574,568,245;2601,243,318,246;4201,308,297,195;5202,305,345,224;0301,241,238,226;5007,224,233,257;4301,358,386,223;3105,276,267,224;5110,484,446,274;1313,315,364,262;5203,413,442,234;5220,,,223;1312,386,340,298;1101,512,504,;4407,305,301,230;0303,,280,266;4510,302,218,162;0909,,340,;5214,380,348,200;2301,209,186,;1508,,564,;5208,450,461,207;4005,,383,255;5401,226,224,255;2615,,,243;5102,,,215;1609,302,340,215;2313,219,224,233;4506,,344,;5207,,240,;0901,299,333,267;5209,242,288,303;5005,,175,;1310,,379,;2701,,356,;5006,229,264,;4509,,252,;4006,,264,;1510,646,728,;2607,176,245,
171492:5202,470,471,193;5203,402,529,181;5214,421,424,191;5208,462,488,195;5107,390,,273;3105,294,356,238;5211,510,,;0909,423,357,183;1101,560,624,
171571:5138,619,615,206;5199,275,310,234;4201,286,280,225;5210,476,486,241;1101,617,683,260;1419,738,770,215;2601,251,260,242;2401,347,419,238;1312,346,347,275;1410,723,785,260;5208,489,600,224;0901,341,353,220;4407,315,321,250;4301,378,363,236;5214,465,463,241;5202,603,573,256;5203,507,565,223;5004,320,374,260;5201,458,444,270;1409,763,765,258;2301,307,297,254;5212,593,594,260;4510,232,383,215;5401,376,347,223;0301,293,418,192;1435,715,,285;5110,,461,262;2313,239,201,229;5122,615,555,310;1609,,311,249;4511,322,332,203;5006,211,207,270;0904,269,300,252;0909,,,250;2701,428,397,;5005,227,269,267;4303,251,,156;5109,552,534,260;5007,279,275,;4509,227,280,;1313,,374,;4502,,240,;4506,,427,;5003,,244,275;5213,580,,;2200,372,319,
172644:4201,277,308,233;5122,,,188;5211,539,549,188;5214,437,391,201;5210,434,458,204;5138,630,624,245;5208,527,517,185;1101,732,765,188;2601,231,264,194;5212,551,578,215;5203,493,503,197;4301,345,377,255;1312,363,367,310;5199,,,138;4407,270,356,230;4510,323,288,223;1313,320,346,213;1419,718,759,225;1909,224,304,224;1410,769,795,232;1905,265,,206;0901,407,269,250;5007,277,304,296;4005,281,333,211;5009,,310,225;4511,366,335,268;0909,356,412,241;2301,231,201,241;5005,202,261,219;1408,569,626,275;0904,327,353,277;2701,484,461,270;5003,,267,248;5006,250,231,214;5401,240,308,250;5102,279,297,205;4506,354,438,194;5109,542,591,237;1407,644,765,265;1601,234,297,202;0907,269,340,305;3801,,,239;4502,289,231,255;1405,,,194;1503,703,765,232;1508,723,,;1310,406,372,358;1435,,774,211;4006,326,,;0301,,,258;2401,255,383,180;4512,,321,252;5110,566,517,250;0502,,,372;4404,297,302,231
172699:5214,465,471,243;5202,499,539,250;4901,433,450,255;5208,443,461,250;3099,328,328,250;5203,435,454,250;3105,297,304,234;2601,307,332,251;4301,331,342,250;4201,281,278,250;5138,624,626,255;1313,394,369,275;1419,676,708,290;1907,321,292,250;4407,333,313,260;1312,380,363,308;5009,203,274,270;0909,359,380,251;5123,,,257;5004,341,450,270;4510,309,322,243;5107,322,303,261;1107,661,637,270;1407,596,630,278;5210,434,399,260;1402,591,659,270;0901,317,327,234;5005,205,224,267;1410,701,736,270;1435,695,693,;5006,248,295,270;5102,248,,269;1101,491,554,296;1408,633,596,248;1609,271,319,270;2313,187,243,240;5007,225,233,270;5131,192,,234;4507,352,269,223;2301,247,297,270;4511,267,310,244;5401,252,269,290;5003,249,195,270;1310,408,389,310;4006,362,397,;1515,578,596,270;4502,,190,290;4506,,340,;5109,,297,;1409,678,,;2613,,,263;3020,323,314,267;4005,,497,;1909,318,336,
173258:1107,769,765,183;2601,285,230,179;4227,,,167;2701,470,376,115;4506,600,,195;4005,302,361,170;4008,,428,;4006,206,,;5006,,220,;0501,277,,;2301,274,223,212;5007,,220,;4201,313,337,;4510,291,340,187
173647:4201,340,352,258;2601,179,263,251;5201,471,483,255;3105,336,281,270;0901,357,394,270;4510,396,367,270;2301,184,340,270;5138,657,630,270;1313,400,422,;0301,346,308,233;5203,561,580,265;1609,248,340,;4005,285,,269;4506,533,521,233;5007,,304,;5401,139,282,;2701,,573,;4008,,201,260;4507,,383,;4511,,340,;0501,,240,;1107,,642,;2705,661,,;3801,,376,;5009,,264,;1312,389,388,270
173902:1101,731,716,215;4510,286,353,231;2601,321,272,215;4506,472,645,240;2701,609,521,237;0301,264,,190;3020,224,345,233;4227,,,260;4005,,297,;2301,,158,;2615,350,,242;0901,,215,;1301,,333,;2313,,,200;4201,241,311,;4507,283,326,190
173920:5138,662,671,132;5202,444,432,203;4201,335,361,196;5214,437,465,215;5208,494,511,215;0901,384,379,228;2601,347,357,250;3105,335,326,217;4301,415,427,215;5203,476,525,215;1101,664,680,203;1312,394,382,250;4901,486,511,195;4407,394,401,199;1313,405,389,225;5106,570,584,214;5220,638,596,247;1408,556,608,;5102,,282,210;5210,368,326,205;1401,587,633,139;5007,304,326,261;1419,614,645,236;1310,428,399,218;1410,622,,249;3103,369,344,255;3099,316,311,185;4510,,394,218;5401,353,282,212;4511,376,353,256;5005,165,211,234;5211,389,394,;1508,600,565,255;4506,459,511,204;2602,,340,;4507,,347,;0502,,329,228;1609,382,465,188;0301,342,438,;2301,267,288,214;5110,,573,;4509,,394,;4512,,431,;5003,,220,261
174066:1107,692,723,186;4201,344,354,190;3099,370,384,195;2601,303,357,199;5208,621,647,205;4506,503,526,195;5214,558,567,221;4510,364,363,185;1419,672,680,171;2701,522,573,205;2313,366,385,187;0301,332,337,215;5203,587,606,223;5138,643,657,206;4504,357,354,195;5004,406,440,225;4227,321,339,194;2615,268,319,217;0904,384,403,195;5202,595,576,195;2301,315,307,187;0109,340,310,190;0402,443,410,204;5401,307,272,190;5007,306,265,193;1407,687,702,234;1405,526,650,213;2604,275,351,225;1312,306,413,195;2602,303,255,195;3105,332,365,195;1435,678,678,215;4511,308,355,188;5107,525,,194;1402,645,643,231;1410,695,689,143;1609,296,353,205;4005,418,400,195;5210,452,482,169;2705,475,491,205;1409,741,720,224;0101,462,540,203;4509,313,328,196;3019,328,346,200;1408,618,616,183;5005,203,231,198;0305,392,438,195;5102,298,323,163;1418,609,626,210;3801,299,252,205;4008,553,348,239;4502,253,324,205;2605,301,368,237;4507,328,360,198;1603,249,218,169;5006,210,235,192;5220,681,752,195;0111,294,246,161;5100,411,493,191;5106,655,596,174;1601,185,324,167;4512,385,357,195;1310,,,162;2613,282,288,223;0502,327,284,205;4006,376,269,210;5009,252,196,185;5211,563,582,196;1414,505,,223;5110,657,,199;1909,387,311,;1313,419,399,;5003,,201,195;1905,368,,;1605,346,,;0303,244,261,233;1301,402,,181;1401,625,,214;2401,427,,195
174233:4201,333,327,223;2601,287,327,230;5214,469,502,243;5208,477,532,218;1419,655,649,250;1107,634,610,215;0901,366,360,219;1407,685,620,243;5203,510,527,250;4504,379,386,229;1408,588,570,234;3105,285,308,225;1313,364,387,261;5202,434,442,250;2602,297,297,197;1410,660,645,244;5122,401,304,250;5004,294,313,243;4407,329,,230;4506,406,473,220;4510,346,317,195;2705,348,573,216;4005,308,372,212;0301,339,286,247;1003,370,409,245;5107,453,465,207;2301,215,286,233;2701,,473,238;5102,,297,205;5005,254,229,208;1609,360,345,234;5401,346,297,229;5009,,264,211;5007,255,279,;1312,312,396,205;1435,651,,246;4511,365,361,;0904,330,,228;4509,,329,;3801,253,,;4006,,,272;4502,,252,;4507,341,,;2604,325,286,252;5201,437,,215
174783:1110,545,527,245;3099,348,356,226;5208,428,440,223;5138,664,664,245;0901,361,379,233;4201,332,335,163;1312,378,374,233;2601,334,383,215;4407,385,393,243;5202,428,439,198;4301,436,434,183;5214,438,442,200;5203,543,536,231;1313,387,384,256;5110,654,622,193;1107,727,593,255;1419,656,634,241;4510,326,386,204;1409,709,668,242;2301,288,252,163;5109,345,459,265;5102,,323,153;4506,,394,;4509,349,377,183;1410,676,700,208;2613,301,266,253;5206,,461,;5122,332,354,150;5209,,311,;1310,414,425,217;5006,,252,;0301,448,336,209;1436,,654,;5007,268,329,276;3103,370,288,215;1609,,340,;5207,,383,
174844:2601,288,297,240;4506,562,521,267;2701,478,465,230;4227,,,250;4510,384,383,243;2301,192,232,257;5009,240,282,235;5007,239,230,250;0502,,,235;0301,204,269,236;4005,361,388,250;1609,217,230,248;5401,,229,258;1107,735,765,231;0501,257,291,210;1313,405,421,270;5138,624,606,270;1603,,,215;3801,,354,230;4008,,390,238;3802,,,250;3105,306,277,250;4407,322,397,270;5005,,,210;4201,272,351,
175342:2601,219,201,274;2401,192,,295;5202,221,,266;5138,578,562,204;0101,371,,251;4201,237,,270;0100,,,253;0901,,,280;5203,,,333;1907,217,,284;4301,266,,270;4407,158,,313;3105,,,255
175616:1313,306,,198;5138,570,,156;1312,342,,200;2601,237,,195;4201,,,183;4901,,,215;2401,,,230;4407,217,,231;5201,,,150;5001,,,217;5202,,,185;3099,,,249;4301,,,244;5010,,,243
175856:2601,233,216,275;4301,261,348,293;4407,241,252,295;5202,332,249,300;1313,266,291,258;5107,282,255,351;2401,,,276;4201,239,181,284;1312,357,,305;5203,355,317,250;0901,286,284,283;1409,689,630,263;5208,,,260;4510,,,270;5001,,230,305;1408,540,553,290;5102,,,225;5207,,,311;2301,171,215,;5214,443,,;2313,,252,;4511,,252,;3000,323,305,313
176017:5138,561,564,146;0907,387,343,215;5203,504,427,227;4201,226,193,230;5208,488,427,240;1312,337,335,195;3000,,,215;2601,221,252,211;5214,380,403,215;5201,,,196;4301,284,264,197;3105,246,220,215;5102,277,201,259;4407,278,224,195;5202,362,369,196;5120,,,163;2401,284,264,215;4510,315,347,250;1419,623,594,215;4405,,354,210;0904,331,297,237;1313,350,340,213;1101,405,340,181;4005,,,262;2602,,,178;3103,,,189;5109,481,412,150;2301,,252,195;5131,,,225;5209,320,353,250;2200,,,255;5007,219,238,262;5215,,,230;5401,,367,199;5212,452,465,;1407,615,,223;1408,,498,255;5009,,,173;5107,382,,;5106,459,490,;5110,549,492,;5199,456,564,125
176080:5202,352,350,215;1312,341,343,215;3105,275,281,233;4201,248,229,233;3099,263,280,225;5214,376,404,196;0901,307,289,233;1419,676,739,216;2601,224,301,223;5203,401,484,188;5208,406,444,220;2602,219,201,232;1408,568,568,209;1405,393,427,250;4006,331,338,215;1101,579,527,243;1402,547,630,175;4510,256,340,255;0109,287,290,197;1407,708,743,225;1410,698,744,250;0306,279,291,216;4504,253,327,221;2401,,,216;2605,199,,245;1435,639,697,270;5001,253,311,270;2701,,,221;1907,198,,250;0111,355,370,195;0101,400,444,195;1909,,,200;4407,269,284,238;5212,511,438,270;1601,301,521,;1313,362,344,158;1409,,677,195;5220,601,620,305;1310,346,342,215;0405,,,223;1499,615,,189;0305,413,442,190;0402,517,521,310;2301,263,228,188;0103,404,412,;5401,244,259,195;4502,,220,
176372:1312,333,336,219;5202,382,340,200;2401,245,182,250;5138,560,563,243;4201,252,221,205;3105,256,252,225;2601,228,275,205;1907,219,233,297;5203,368,372,184;5102,208,213,183;4301,326,290,202;4407,275,282,270;5214,331,343,190;5122,284,252,256;5401,278,322,254;2301,257,201,;4304,,232,;5210,289,405,212;1313,315,304,;1101,516,,;2203,,281,;5208,391,388,;4510,,201,;0904,266,324,251;5001,,228,;5110,,525,;3099,298,368,;5209,,354,;5010,311,215,250
178396:5201,503,489,210;5100,344,336,215;0904,374,382,210;4201,298,298,204;5138,610,571,215;2601,245,261,216;0901,354,359,195;1312,335,322,205;1101,624,637,209;5203,,,206;1419,666,660,218;4510,353,327,211;4506,448,457,183;2401,383,353,205;0109,280,333,195;5109,550,570,215;1408,610,580,210;2602,241,300,254;3099,350,309,255;2301,270,291,233;5102,,,245;5209,386,355,220;0501,425,343,210;5001,,,203;0101,489,467,175;2701,480,383,165;0301,272,232,190;1407,699,620,258;4511,318,324,220;1410,729,671,225;1601,,184,185;0111,376,361,179;1907,295,285,260;5006,240,,215;5007,349,294,195;5401,262,212,210;0100,282,329,;4502,265,,154;1435,704,693,265;5122,,,188;5009,308,,270;2705,422,,152;4005,,252,195;4008,,434,152;1313,412,387,163;1310,402,355,195;1409,716,699,195;4407,,331,201;4507,401,,188;0102,484,573,193;4006,,318,;1612,270,220,;1905,258,399,225;0305,297,,;1909,385,410,249
178402:5201,413,428,188;2601,315,367,205;2401,351,344,173;4201,300,321,178;1107,634,659,218;5203,474,545,205;5138,607,599,229;4005,334,340,208;0901,341,379,178;5100,337,376,246;1312,355,371,216;2301,281,274,205;1419,698,659,230;5009,,280,187;1408,600,555,214;4510,332,269,113;5106,578,604,188;5401,281,211,188;5007,245,279,179;5003,,181,;1601,,269,;4506,425,473,;0301,418,327,;1101,,630,211;4511,319,340,195;1313,,358,;3801,,252,;1410,698,710,250;4301,349,326,166
178411:1419,677,689,224;1408,614,627,255;1101,682,691,233;1410,724,734,243;1407,644,692,238;1515,665,671,270;1402,674,647,220;1409,681,731,270;2601,307,340,233;1104,579,615,236;1414,,527,254;4005,,465,;1423,529,627,228;1425,806,722,278;5401,,361,;2703,,461,229;4201,279,,217;4506,,693,
178721:5202,479,430,214;4227,338,327,221;1101,554,,214;4301,394,353,211;5210,448,454,200;3000,379,,225;5203,501,538,233;5107,389,438,248;4201,305,,224;4507,518,,;5212,655,610,175;1312,333,324,239;5004,,,150;4407,,,150;3105,,,196;5214,544,,;5138,,,263;1108,509,629,;4303,339,,
179159:5138,593,590,220;3105,,,263;2601,194,162,235;5208,536,,205;4201,273,318,255;5123,,,252;2615,,,270;5100,285,361,269;5214,437,,240;1405,559,,270;0901,339,357,215;4510,236,215,224;5107,381,427,260;1107,687,,;5122,259,,260;1402,700,669,264;4901,441,,270;5110,350,555,270;5203,,,260;5206,,465,235;5211,,,235;1419,689,677,250;4301,338,383,265;4407,,308,229;1609,283,302,260;5109,625,536,250;2301,231,212,260;2701,,427,;4511,,,234;5102,,,251;5202,474,482,344;5207,,,250;5210,449,463,270;5401,,201,;1301,346,371,270;2401,326,,421;5212,,,219;4509,279,201,;1410,,734,;0502,,351,;1101,730,650,
179566:1312,297,301,243;4201,271,282,220;5202,369,419,245;5214,389,420,233;5208,439,458,225;2601,270,264,216;4504,320,332,215;5138,572,549,260;3105,269,255,225;5201,364,350,224;5203,408,444,228;1101,,,258;0901,295,297,226;2401,290,240,226;5220,595,610,225;5102,288,324,210;0109,261,270,196;0909,324,357,225;5007,257,225,262;1107,592,626,215;5209,362,343,247;1909,310,317,255;2604,237,262,235;0111,262,317,165;2301,275,226,214;1907,290,293,229;5004,293,302,258;5100,397,427,224;4407,315,310,230;5005,204,215,225;0101,317,356,171;4005,387,399,205;2313,316,412,218;0306,278,,208;1601,278,,203;4511,293,302,195;5131,,329,240;4502,196,264,219;1313,289,316,265;4506,438,401,198;4510,248,276,192;1310,340,316,217;0904,319,274,;0100,264,333,150;2701,499,465,199;5401,,,263;4006,317,427,250;5109,,390,270;3802,,,262;4507,247,329,188;3020,194,,248;5207,,318,225;1110,454,509,;5212,536,551,258
179867:1107,899,995,153;4227,,,153;5208,833,917,195;4506,616,446,148;4502,251,,150;1419,669,680,125;2601,217,167,135;4510,459,,185;5214,616,789,175;2701,579,,187;5206,887,,;5004,416,412,191;3025,,,175;1405,687,,210;3020,369,,185;2615,,,140;1407,739,615,;2602,,215,;4005,142,,174;3099,,354,;4201,361,264,
180461:5201,415,407,207;5138,628,594,228;1419,567,611,250;4201,285,299,215;1107,699,723,218;1407,532,416,250;2601,225,254,240;4511,293,361,220;1312,314,340,243;5007,272,293,251;2605,285,336,204;1408,567,562,209;2604,215,309,233;5006,243,226,221;2401,281,255,238;1508,581,573,280;2301,255,306,208;4006,356,290,201;1313,331,358,229;0109,303,252,231;1410,710,654,217;4005,287,,;4510,312,328,181;5401,291,266,194;1435,648,,260;1510,631,640,252;0301,,252,278;2701,352,354,240;1601,,290,270;0101,458,368,191;4506,358,356,255;5009,,222,;0111,320,340,205;1409,528,653,270;0306,,340,;3033,254,175,;4502,,277,
180489:4201,267,265,231;0301,211,273,195;5212,497,553,215;0306,216,252,215;2601,179,237,237;1312,311,304,220;0901,331,279,187;4511,278,275,180;5202,382,409,204;4407,306,294,249;0904,268,264,253;4502,252,282,250;5006,223,206,250;2301,197,243,227;5401,267,224,243;4510,261,278,195;5009,,297,;5102,,,215;5007,181,211,245;5203,412,397,232;5005,,197,280;0305,345,358,;2701,370,357,;1609,,106,;4006,,297,;1101,603,677,;1301,298,325,;1313,255,259,;3103,303,233,
180814:5202,603,607,242;1110,562,513,199;1101,532,512,223;5107,459,461,228;5201,500,488,229;4501,345,336,250;5210,494,432,250;1102,625,560,205;4301,437,344,;5004,378,383,208;5212,683,790,241;4201,,340,207;2200,414,,250;5203,434,457,281;5214,391,,250;0901,361,383,;4303,,551,;2601,343,410,208;1301,663,,228;5208,,521,
181002:5138,650,625,245;5208,541,558,270;2601,156,220,253;5213,,,250;5214,515,491,243;4227,,,250;5203,585,578,269;4506,471,553,263;5107,403,383,244;5202,463,480,270;4005,163,286,267;2615,,,250;4510,,,246;1609,,297,;0904,326,340,270;1107,,,219;5100,,,270;0901,,509,;1101,580,607,;3105,234,230,;4201,241,260,
181215:5202,459,456,182;1312,346,351,200;2401,313,316,133;5109,,486,250;2601,294,340,189;4407,326,346,190;4301,370,354,193;1313,,402,191;0904,367,280,226;5102,,,220;1101,298,534,;2301,270,269,228;3105,295,357,225;5009,345,329,;5401,302,347,;5007,340,343,139;0101,437,388,;1310,,397,;2313,,290,;4201,220,226,213
181394:2401,362,364,199;4301,388,371,197;1312,388,372,205;4201,311,276,194;2601,295,342,172;5202,439,443,185;1107,667,688,215;5007,313,314,235;4510,316,354,203;4407,337,324,168;2701,464,450,250;4303,403,,201;5122,324,351,191;1110,,,125;3105,332,318,191;1104,560,534,195;4901,442,467,210;0901,372,392,179;3020,272,297,188;2615,309,304,154;1310,313,,215;5009,246,286,;1601,336,322,123;5401,265,326,188;4511,312,340,227;2301,279,291,176;0301,367,421,;2313,325,228,245;0904,362,343,;1408,597,619,220;1410,652,640,251;5220,611,589,212
181464:5202,450,437,215;0909,395,405,221;4201,280,314,215;5208,464,469,195;1905,282,310,239;5214,466,450,215;1313,396,395,219;5203,457,421,213;1419,636,662,208;2601,273,297,250;1312,393,385,222;0301,296,320,231;0109,326,356,206;4510,254,314,215;1101,695,689,205;0101,440,431,183;1408,584,576,250;1409,760,710,202;2701,,408,195;2602,297,,193;0904,313,320,210;2301,299,272,219;1510,642,605,223;5209,342,354,214;5213,635,645,240;1410,680,707,214;5004,,,215;0111,453,447,189;5102,,,158;5206,501,394,195;0402,333,,253;0901,372,356,212;4511,289,326,156;5401,299,307,209;2605,,,240;5007,271,273,215;1310,377,392,255;1609,302,275,200;5211,,354,;0405,437,408,243;1407,633,668,272;3020,286,278,205;4506,441,,;5009,171,247,233;0102,444,553,235;1909,326,344,260;4502,282,,184;5005,226,279,225;0502,,284,175;0100,488,496,;0106,375,340,226;3022,,,240;4304,,356,251;4008,,,252;5006,,320,;4301,390,394,
182281:5209,396,421,188;4201,294,291,185;4301,337,367,176;2601,212,262,187;5138,715,753,193;0901,353,333,186;3105,270,284,194;1312,440,445,212;5202,367,402,193;5203,500,503,160;1107,549,599,200;5208,457,431,149;5214,387,434,156;1419,594,611,196;4510,336,344,195;2301,237,285,224;4407,388,400,190;5006,215,221,175;5109,662,567,225;5107,358,370,191;4506,429,461,181;1408,647,617,202;5007,264,291,251;4502,292,,171;4511,354,257,191;1313,318,,200;5005,298,333,197;4512,,,260;5004,342,,189;5401,,308,190;1410,677,703,249;5009,353,390,305;5211,431,368,202;1409,642,461,;2701,420,,235;3019,206,288,164;3099,300,297,275;1310,430,418,95;4006,398,438,150;0402,,394,223;3801,272,252,192;5207,,340,;5003,228,,216;4501,,313,;1609,409,261,;4404,417,412,
182290:4201,286,300,183;2601,287,310,193;5214,379,404,205;5138,698,692,195;5201,415,428,175;5208,442,488,158;1419,612,590,220;4407,398,443,190;1907,304,299,213;0904,336,329,195;1101,478,436,205;1312,424,398,220;2615,276,266,208;4510,281,371,179;5203,519,528,182;2301,273,255,244;1313,,,218;1408,584,577,223;5202,395,399,180;2701,477,509,135;5102,270,267,175;5401,331,252,165;0901,408,311,172;4506,,,225;1410,616,673,173;1609,327,329,133;4511,305,273,160;2401,320,344,180;0301,327,264,140;5007,285,274,250;2602,,281,140;2605,,,191;4502,268,267,220;4509,247,297,211;0306,273,,163;5211,358,389,137;1407,418,503,205;4006,,450,190;0305,336,399,;4005,412,297,163;4504,344,336,179;1414,600,573,244;4507,,461,;3801,,,179;5005,,258,;5009,188,240,270;1409,634,675,215;3019,328,312,198;5100,332,357,205;5206,369,438,
182670:4506,851,876,181;4510,571,622,175;1107,1113,1130,185;4227,,,182;2601,368,326,170;2701,760,1031,116;2615,379,394,181;5401,427,509,190;4502,442,351,144;0301,356,361,151;0501,473,484,165;2301,398,397,170;4511,499,347,193;4507,406,465,;5007,352,,137;5006,376,,;0502,346,354,152;4201,451,356,
183026:5202,522,502,228;4201,332,332,220;2401,487,478,130;5107,457,431,250;4301,409,446,220;5138,728,739,165;5203,469,498,257;0909,409,374,198;2313,262,320,236;5004,380,338,230;1101,543,569,287;1107,,,235;0301,396,410,206;5100,574,509,130;5401,338,336,238;1108,301,340,218;5214,473,449,250;2301,338,299,201;5122,345,227,188;4501,333,333,209;5208,556,,226;2701,486,468,188;5006,,,208;3105,293,370,225;4006,,,209;4502,,,222;5213,670,,251;4510,302,,212;5212,,,281;1312,306,309,257;4506,512,603,239;4404,,,230;1301,283,286,250;5211,489,361,262;1313,,383,246;5209,437,427,233;1205,379,345,235
183044:5202,508,515,270;4201,330,327,260;2601,360,398,263;0901,427,413,260;1419,650,623,270;4504,384,342,270;2301,291,295,243;1101,686,701,270;3103,340,368,270;5138,663,626,270;3105,340,332,243;4506,468,500,250;1408,619,571,270;1907,281,338,270;4510,369,383,250;0301,341,353,263;4407,344,347,270;3019,245,314,270;5102,223,,270;5401,290,309,228;5107,472,505,270;5123,,,270;2615,274,352,233;3033,398,,270;5209,450,442,270;0109,282,,260;2602,433,427,270;4511,320,356,270;0306,247,240,270;1414,549,506,270;2607,247,252,233;0103,266,270,247;5007,272,222,;4509,299,442,270;1410,710,699,265;1609,265,340,270;2608,375,444,270;1405,,,250;1407,569,681,270;5005,207,252,270;0502,227,267,248;4008,,534,;0302,407,449,270;3801,,252,;5009,309,334,270;1409,685,765,215;4502,245,227,270;2701,363,,;5109,,,270;1601,,286,;4005,305,427,;3099,312,419,243
183062:4201,308,302,250;5202,401,416,260;1312,343,340,262;4301,332,244,236;4511,350,310,260;0402,402,405,269;0901,384,357,250;2301,320,324,246;5006,227,230,270;0301,263,305,222;5138,670,628,270;2601,332,333,253;3105,,,269;5100,297,291,270;5004,367,340,243;5401,290,340,253;1313,375,376,255;5131,280,320,250;4506,501,418,;5005,,252,;5007,267,240,270;1101,389,557,263;2701,,252,;3099,,282,;4507,356,258,;0904,304,329,
183080:5201,375,402,270;1312,312,307,270;4301,380,397,270;5214,429,477,260;3105,324,330,270;4201,326,328,270;0901,349,377,270;3099,259,260,250;5138,660,673,270;2301,271,248,242;2601,272,238,215;5202,441,416,270;0301,345,327,255;1107,557,580,270;4407,356,340,270;5208,489,427,270;5007,,252,270;5122,391,322,270;1313,,377,263;5005,,,270;5203,,513,270;5401,,240,;1101,,534,
184782:4201,284,337,188;5202,423,463,195;2601,296,321,206;4301,320,337,193;0909,327,384,182;5208,460,515,215;1101,549,604,213;2401,342,397,231;5203,491,514,215;1102,406,,194;1408,595,615,199;0901,340,343,189;1002,238,265,200;1419,605,587,225;1313,405,411,253;5138,775,710,125;5199,,,183;5009,274,369,259;5007,269,335,189;5131,,,220;1410,707,727,230;2602,346,376,190;2701,467,484,193;5100,311,,250;5401,329,322,218;5210,440,433,195;2301,380,358,225;4008,320,442,270;1407,588,573,231;4510,267,,190;1405,460,,267;4511,310,303,215;4506,465,397,168;4507,390,406,225;5005,208,184,215;4005,432,480,250;5207,,497,;0301,378,390,195;0904,273,326,205;1609,331,297,260
185590:5202,400,418,200;1907,,,250;3099,318,315,223;0901,342,311,215;0907,297,351,235;2601,319,221,235;1101,494,521,215;3105,263,286,225;5203,539,469,195;2301,296,267,231;5004,341,302,254;5122,332,340,250;4510,257,333,235;4506,380,340,238;5005,218,212,215;5009,320,235,270;1601,238,252,264;5401,264,372,215;1313,408,370,255;5007,258,171,270;4511,309,315,223;5006,169,222,270;2602,323,282,250;4407,317,329,224;2701,398,427,221;2401,292,252,226;5003,209,,268;4006,330,,218;1609,329,369,213;4502,248,,243;5109,370,274,265;4005,467,,;1905,338,308,226;4201,270,280,205
185828:1101,627,647,195;1419,635,600,200;1408,617,627,200;1500,598,603,225;5202,373,463,246;1405,603,608,215;1410,704,715,225;2601,252,297,189;1407,612,546,217;1104,600,630,195;1409,703,693,200;1435,670,591,250;5004,442,324,255;2701,571,361,245;1003,316,394,259;0402,476,476,
186131:4506,820,1031,113;4405,505,620,105;5401,508,438,;1419,605,,;2602,,376,;4510,378,473,;4511,449,449,;2301,249,473,;2613,384,,;4227,452,340,;1407,655,,;1409,1228,1031,
186380:1101,699,718,209;4201,300,269,223;5208,605,600,206;5210,455,451,230;2601,261,225,230;5122,380,359,240;1104,508,551,235;3105,257,273,248;5138,727,730,250;0901,413,369,215;5202,545,529,213;4506,498,472,228;5213,724,680,215;1410,702,741,230;4510,337,325,215;4301,339,329,198;2604,210,192,228;1419,613,615,218;5214,449,431,195;5203,577,584,215;0904,332,314,230;2701,411,557,205;1405,503,461,237;2301,288,268,215;1407,553,539,215;4407,358,338,227;5401,301,289,195;1408,630,639,259;0109,275,207,243;0301,371,363,233;3019,322,270,231;2602,,340,229;2705,549,,229;5007,291,294,225;2608,305,234,266;4008,362,,240;5009,263,318,255;1601,253,,223;3025,,,243;1435,705,515,269;1402,,,263;4005,371,414,193;5005,223,,210;5100,335,573,230;4511,308,324,215;5110,643,641,153;0302,259,,231;3801,258,,216;5004,,,270;5006,211,,233;5003,202,252,256;5109,643,706,175;0502,233,201,260;0406,382,521,270;2613,271,,258;4405,,,238;1609,276,212,208;2605,,351,;4507,309,,;0501,247,267,220;4002,,,270;4502,236,240,252;4512,372,,243;5107,449,427,204;3802,,,250;4006,,,241;1301,478,480,;2401,418,326,215;3099,330,351,233;4227,326,313,;5212,592,655,196
186399:5202,545,529,213;5208,605,600,206;2601,261,225,230;4201,300,269,223;4301,339,329,198;5203,577,584,215;5214,449,431,195;1101,699,718,209;4407,358,338,227;5212,592,655,196;4510,337,325,215;0904,332,314,230;5007,291,294,225;4511,308,324,215;2301,288,268,215;5401,301,289,195;4506,498,472,228;1104,508,551,235;4005,371,414,193;5006,211,,233;2701,411,557,205;0301,371,363,233;0502,233,201,260;1609,276,212,208;4008,362,,240;5005,223,,210;4502,236,240,252;5009,263,318,255;3801,258,,216;3099,330,351,233;4227,326,313,;5107,449,427,204;5109,643,706,175;5110,643,641,153
186584:2601,207,284,203;5208,565,557,215;5214,452,433,215;2401,334,314,233;5138,743,746,223;4509,364,304,205;4201,290,277,195;5210,454,482,200;4510,368,340,238;5203,540,648,244;3105,422,365,251;4301,305,327,215;0907,358,331,261;3801,,201,193;5206,479,559,205;0909,,,190;4506,454,450,215;2301,393,311,242;1310,,,250;1312,505,427,270;4008,,,223;5401,341,324,248;0901,,329,;4407,407,351,238;5004,229,290,215;0301,504,,260;2602,,,193;4511,,413,;5212,646,630,233
186867:1419,709,688,265;1107,838,832,270;1409,724,772,269;5202,693,736,270;2703,,,258;1405,637,710,270;1407,718,685,267;1408,698,747,270;1410,739,772,260;1515,701,750,270;5009,,,270;2602,,367,;1499,692,,
186876:5202,369,432,195;5100,234,238,195;4201,284,300,215;4504,303,321,206;2401,370,408,239;2601,234,257,200;4407,350,351,250;0901,295,264,195;5138,684,719,270;0301,338,351,189;5209,364,365,178;2301,324,252,240;2613,223,229,229;5007,240,290,268;4510,282,340,175;2701,474,455,235;5122,335,338,243;1312,326,408,250;5001,,229,238;4511,234,269,226;5401,,290,270;2602,238,383,229;1104,479,531,189;1601,,297,;3033,,252,;4005,418,387,;4506,,434,;4006,,333,
187046:3099,764,728,118;2401,407,414,117;5202,592,539,142;5138,821,822,150;4501,429,484,153;5203,422,521,;4399,555,573,;5199,655,538,;5208,,640,;5210,483,521,;5214,,329,
187134:5202,505,568,218;2601,182,201,195;4201,317,351,235;1312,498,507,233;1313,493,518,250;0901,368,417,195;1310,,,236;5138,730,759,270;5203,633,646,239;2701,580,491,260;5401,208,372,233;4301,308,388,195;5007,288,369,250;1419,689,584,229;4510,352,354,255;1101,701,700,233;2301,341,376,232;5122,,,215;1408,654,,265;4005,,383,256;1410,691,682,;1409,,677,257;4506,598,521,213;4511,289,364,242;4509,371,376,233
187967:1419,664,660,195;1407,389,,150;1408,481,,;1410,615,,160;1101,686,,169;1425,702,752,240
187985:5202,371,387,180;5138,717,709,193;4201,268,262,197;2601,255,257,173;2401,280,253,194;1312,334,310,205;4510,291,333,177;1313,309,270,140;4301,311,309,140;5006,229,220,158;2313,313,271,140;1101,661,651,228;1419,605,620,178;1609,278,278,140;0402,323,356,;2602,245,,190;5007,183,211,203;2301,243,234,150;5401,199,217,192;5109,495,595,178;1407,691,573,198;4506,277,366,185;4511,303,249,215;5106,485,521,200;3801,201,255,242;0904,330,336,140;1408,554,596,187;4502,220,249,196;1409,543,682,;0502,,344,209;4005,,297,241;5102,,240,157;3020,222,336,172;1410,569,693,250;2701,244,,196;5001,,215,150;5009,,188,;5110,446,525,179;1905,,,229;5005,204,201,208;1601,192,174,;4507,368,,;0501,250,240,175;1310,332,308,223
188030:5138,651,624,185;4301,276,291,203;2401,263,281,242;2601,231,201,162;4201,202,234,158;1419,636,618,191;1101,571,555,195;5201,324,343,231;1312,331,325,228;5214,359,409,198;1402,,716,243;0109,237,279,185;3105,227,261,200;4407,308,252,215;5202,307,359,198;0904,253,278,170;1500,585,593,215;1003,159,233,225;5203,331,362,148;1408,516,579,112;5208,356,342,157;1407,747,587,144;1601,236,193,191;1410,660,736,223;1907,304,237,217;5122,244,313,235;2301,232,,164;4511,291,279,245;5006,206,194,163;4510,192,310,188;5209,263,282,210;0101,,388,;5001,202,195,285;5131,165,,;5401,,235,;1313,366,340,139;0111,,297,;0306,274,279,164;0100,,,225;1909,,264,;4502,,177,;4507,,297,;5211,,351,;1310,282,325,170;5005,,176,170
188429:5138,911,906,254;4201,226,275,229;2601,,201,250;3105,187,242,250;5202,436,442,193;4407,330,329,208;1101,453,,270;5203,,521,215;2301,205,286,246;5102,,,240;5208,548,580,250;1313,339,351,215;4501,369,,250;4301,175,367,232;2701,,438,;5214,475,383,270;5005,230,199,241;5007,290,258,235;5003,,192,;5009,,252,;0301,,347,;4510,,297,;0901,300,277,195
189088:5007,175,,270;4501,242,,231
189097:4506,652,705,163;4227,394,,179;4510,488,478,183;2301,,419,186;1101,,,190;3099,,496,;5401,341,,164;2615,287,376,175;5007,,418,188;4512,473,,190;4502,,308,;0501,430,396,190;4511,437,509,149;2601,403,,175;4201,388,484,
190044:1419,665,678,268;1408,616,603,270;1515,652,637,270;1407,589,689,270;2601,333,261,262;1402,650,677,270;1410,701,700,261;1409,685,765,270;1414,584,562,270;5207,426,427,270;1107,675,781,256;2602,,,260;5202,604,551,243;4201,,252,258;4005,,491,;5203,,513,250;0901,,340,;2701,,659,
190099:4506,722,680,175;4510,428,534,163;4227,,,160;1107,933,662,160;4509,,538,;2602,,421,154;0301,,449,170;2301,446,368,159;2615,336,329,173;2601,342,244,147;5401,,354,;4511,440,,;3801,,438,;1609,399,473,169;0501,316,,;4201,482,473,
190150:1107,1089,1031,196;4506,739,794,250;4510,521,564,215;4227,419,427,193;5401,405,386,215;2301,387,409,250;2615,402,388,248;1437,873,847,;2601,,340,200;2701,730,376,;1419,698,693,101;0501,,438,216;2703,717,847,;3801,385,286,209;2313,,329,;4511,534,442,270;1405,463,538,;3033,469,,181;0502,416,461,195;2705,,615,;5007,369,304,270;1609,450,449,203;1410,,750,;4006,,331,211;1407,655,752,;1408,694,647,;4008,,383,;4502,283,383,323
190415:1107,1278,1225,148;2601,291,278,155;5210,657,693,140;5209,661,611,131;1101,907,826,155;0101,780,807,125;4506,694,699,150;1419,721,747,155;4510,515,521,144;0301,290,271,155;2701,778,912,135;0901,441,558,144;1410,885,923,147;1437,782,855,150;4201,362,447,130;0109,254,297,127;4405,660,573,151;1907,,,153;0100,412,368,131;4511,322,409,117;4008,386,745,160;2301,250,323,163;5401,278,326,171;0501,301,442,173;1407,741,834,144;4005,377,264,151;2705,833,,;5007,,457,155;1408,676,733,125;1405,,,155;3019,138,258,133;1414,618,513,132;1601,179,412,155;1609,,,156;5122,,,121;0111,,367,143;3801,,372,;1909,550,,;1418,745,688,162;0403,378,427,130;4006,,252,;4502,,345,;1401,572,746,;0402,528,534,
190512:5208,467,495,118;5203,469,501,110;1104,499,496,108;5202,413,468,120;4201,339,355,131;5213,476,459,75;0901,362,,75;5206,495,434,137;4510,342,365,117;5207,335,383,;4506,441,484,105;2701,551,611,;5211,473,473,;5215,292,347,;0904,296,316,150;4404,333,331,142;2601,299,,;2301,328,310,;2401,258,369,;5009,260,351,
190549:5202,346,382,100;4201,283,289,105;5203,381,415,141;1312,364,324,103;1101,484,568,90;2601,233,279,140;5208,315,,125;5102,222,,127;5006,268,312,135;5131,275,261,92;1313,505,490,139;3105,249,351,150;4510,293,308,130;0502,326,331,86;5007,209,240,137;2301,329,252,103;0901,313,348,113;4005,169,109,;0907,292,291,106;5401,278,286,;1104,,422,;4511,252,343,;0904,311,306,;4506,179,264,;5005,275,195,;2313,188,260,;3801,211,264,;2701,,496,;1601,,128,
190558:4201,318,316,130;5201,358,372,131;2301,262,304,190;2601,156,,161;5203,456,421,165;1107,390,599,178;0901,326,306,118;4506,348,315,129;1312,286,427,203;5401,293,308,174;5138,979,946,201;2401,297,240,;1410,581,594,;4510,369,215,143;5007,,188,;1401,490,568,;4407,,383,;5110,676,630,;3020,317,,;5005,,281,
190567:4201,302,322,90;2601,254,201,134;1107,638,592,;1419,633,686,132;5007,274,254,130;4506,323,363,67;1312,349,405,96;5202,307,362,136;2401,405,358,123;0901,322,397,149;4510,320,340,125;2301,280,285,119;1410,625,573,;4509,312,390,141;4511,364,357,102;1408,637,647,195;1409,681,527,;5009,177,188,216;5401,287,311,131;0502,303,351,207;2703,368,416,;1405,445,318,;2602,178,,;5005,224,183,125;1407,393,354,;1414,580,560,;1609,351,308,;5006,,240,;2701,,405,;4008,246,,;4502,262,326,;4005,337,252,;0907,466,329,;5109,1228,1153,
190594:4201,280,295,114;1107,557,564,96;2301,304,288,135;2601,202,264,125;4511,354,346,102;5138,919,943,125;0901,322,340,109;4506,363,395,101;4005,257,220,90;4510,347,328,134;5007,236,232,103;5203,436,386,130;1312,384,340,139;5401,251,265,130;5006,252,252,;2701,423,405,;0502,391,240,;1313,525,553,155;1603,313,,;4502,287,336,88;5110,591,557,;5005,270,160,;5122,,396,;1609,,348,;5009,272,324,;1905,258,,;0301,,318,;3801,,269,;1612,,264,;5003,,220,;4507,,192,
190600:4301,376,382,104;4504,371,341,86;1110,437,361,136;4304,,335,155;2200,304,329,75;4510,323,361,116;2301,309,297,93;4404,429,405,146;4506,374,402,125;2604,393,,;4302,431,340,;4511,344,,;2401,261,347,;5401,,252,;4001,442,,98
190637:4201,358,294,85;5202,395,400,110;5107,416,422,112;4511,354,333,110;5138,898,953,133;5203,419,409,116;5102,302,353,80;4407,363,362,140;1107,501,573,110;2601,227,266,150;4502,255,383,107;2301,324,316,105;5131,332,360,120;3105,261,278,99;1104,412,467,134;0901,245,257,107;5122,383,326,139;5123,338,284,91;5007,307,222,101;4510,334,275,125;4005,332,,;5401,360,252,129;2701,281,333,157;3801,298,,176;1609,329,329,70;4506,305,370,;0502,,252,147;0904,,264,;5009,,211,;1313,,394,
190646:2601,290,361,110;4201,322,310,95;5201,335,366,106;4407,343,,108;1310,440,,55;4404,,,176;5203,388,540,130;5138,941,890,;1104,247,,;2401,366,275,119;5202,301,438,
190664:4201,299,300,96;4506,401,345,73;5203,380,413,108;1107,571,599,103;4511,303,311,124;1312,261,300,110;1313,464,416,152;2601,286,236,150;4510,335,345,105;5004,296,231,143;5102,,244,110;2301,274,281,70;0901,277,355,125;5208,440,399,;5401,326,383,125;2701,315,372,83;5131,282,326,127;3105,249,348,;0301,387,378,;4502,281,286,134;5007,151,,;4512,,383,;5211,,383,;1609,,297,;5005,160,236,;1601,317,269,;1603,,201,
190691:5100,309,,110;4201,302,353,95;5202,384,293,110;5203,420,315,145;4407,385,394,81;4511,399,383,105;5138,901,880,134;5122,365,331,128;1107,355,416,;2601,292,390,;4901,391,327,;5110,738,746,;5214,332,286,;1101,403,419,;1313,,297,;4510,,339,;1312,438,286,;3000,273,340,;0904,293,159,;2301,256,304,;2701,348,264,;1609,343,329,;5109,1166,,;5123,646,714,
191126:5004,403,411,230;0909,409,425,205;5214,431,417,155;1909,420,436,195;5007,218,223,255;1003,,146,;5207,,345,190;5010,359,,
191241:5208,705,732,269;5202,538,557,250;4201,361,369,250;4510,374,422,233;5211,633,,233;4506,495,547,233;0901,422,446,246;2301,351,348,270;1101,638,587,264;2601,239,293,260;4509,406,408,248;5203,690,714,230;0907,509,,223;4511,347,333,255;5214,461,,269;5007,289,394,253;5401,,432,260;5006,280,,250;3801,413,444,205;4502,,240,226;0501,388,379,260;2615,324,,269;0904,,,263;5005,248,260,268;3802,183,252,252;0301,381,,233;5003,270,252,250;1609,407,361,270;2701,,,270;2401,,219,;4407,,,270;3099,,461,270;4512,,521,
191515:4506,566,635,175;2601,338,324,170;4510,486,539,125;4227,450,,175;1609,407,504,120;2701,576,590,163;5007,,248,;4509,,461,190;2615,,236,154;4405,,509,170;2313,191,329,;4005,,513,;3801,,264,;4006,,308,
191630:4506,577,555,270;0901,371,326,265;0301,,343,270;4201,,333,270;2601,252,,270;4510,477,,270;5401,294,412,270;2301,379,304,270;4511,369,,265;1301,,,270;0501,,,240;4509,430,,260;1101,,,270;2401,345,427,;3801,,,270
191649:0907,281,395,249;5109,199,321,245;4201,249,283,257;5214,395,447,213;5208,521,562,233;4510,383,401,233;0904,338,383,234;5122,351,368,260;5202,330,448,243;2301,319,340,226;1312,,353,233;5203,427,554,228;2601,287,274,258;0909,419,407,233;5100,,,260;4504,264,329,253;1107,521,620,240;5005,216,207,260;1313,448,459,235;5213,,504,246;1419,595,630,204;5401,307,354,233;5102,,,260;5003,310,252,233;0901,,,235;4511,212,321,260;1609,,329,;3020,327,368,250;5207,,252,;5007,,359,215;5009,,247,265;5211,,480,;4506,,427,;4507,,,229
191968:0907,337,359,234;0909,401,410,231;5123,,252,254;5202,457,469,244;5006,241,290,249;5005,227,281,260;5009,279,242,270;1313,473,449,260;4201,261,291,230;2313,237,245,250;0904,331,332,250;5102,220,,244;4511,,300,250;2601,312,392,260;0301,264,231,241;4510,250,252,195;1107,701,716,210;2301,,240,;5203,,594,250;5401,,275,;5109,,,260;2602,,340,270;4506,522,340,;5007,202,202,;5100,,,233;5122,,273,221;4502,,192,;4008,,293,;0901,,201,;3105,308,377,
192110:5009,,,245;5003,272,,270
192819:5202,499,515,250;0901,399,411,250;4201,346,346,233;4301,395,340,260;2601,227,336,255;1107,737,794,245;4510,390,383,212;5004,383,493,266;5203,610,606,229;5007,259,407,234;1313,,487,263;5110,676,725,;1101,685,738,270;4506,612,573,260;2301,162,340,258;4407,,340,205;5401,,368,;0302,,416,;2703,583,,255;3000,506,484,250;5109,,427,;1609,459,438,
193654:5004,302,356,250;1108,441,,250;5010,446,462,245;5006,231,267,250;5009,180,157,230;2401,304,279,243;5007,197,215,250;5005,200,244,230;0901,290,344,195;0907,,351,219;4201,208,252,260;2314,236,217,225;3020,,252,195
194091:1101,515,515,230;2601,173,252,195;5138,846,917,315;5202,349,383,170;1419,556,705,260;1410,550,620,260;1500,465,,255;0907,295,282,;3099,,297,;5209,,340,195;0402,485,488,;5199,325,,259
194310:5138,936,907,215;5208,469,593,250;0901,353,398,260;5203,574,611,253;5202,428,438,233;0909,439,411,245;5005,226,219,270;5010,371,297,252;5006,241,280,253;1107,576,594,205;4301,314,,241;4506,452,587,255;5100,,,260;2601,296,290,270;1110,468,554,240;5201,609,682,;4510,380,280,260;5214,441,463,233;2401,,348,250;5007,,372,;1310,,,240;2314,,218,260;5003,235,228,270;5211,,484,;5207,,264,;5210,539,478,;1101,,858,;1104,,640,;5209,,465,;3105,303,,;4201,283,354,248
194578:5004,362,384,260;5007,267,218,264;1003,224,240,260;5006,295,261,266;2313,177,269,245;0402,510,500,
194824:1107,839,923,232;1419,653,668,241;1402,644,691,249;1410,728,765,233;2701,671,630,233;1405,638,671,260;1407,670,693,250;0402,523,523,310;1435,655,772,225;5202,570,658,250;1408,676,680,263;4008,424,693,203;1101,784,875,270;5004,465,267,250;2602,463,,;2601,,465,255;3099,650,693,265;1423,700,573,195;1418,677,650,233;1414,,529,;4005,,,270;0907,,630,;4201,,313,;4506,,688,
195003:1107,848,847,270;1108,578,654,270;1409,775,794,280;1419,675,692,270;5004,328,344,266;5006,286,327,270;2401,363,323,270;5212,562,710,233;1508,655,676,280;2601,261,281,234;1110,804,890,270;5109,591,597,270;1101,645,674,270;1407,686,693,308;1405,661,675,283;1435,713,682,307;5202,395,390,197;0907,,,270;4008,,473,270;2703,478,538,270;4201,297,,239;1503,696,690,273;1003,517,543,270;5208,480,564,233;1515,666,651,270;1102,,,270;5203,444,494,238;4301,311,383,247;4005,,427,247;4506,,503,271;0909,357,383,265;4510,,264,;5209,383,319,255;1905,,384,;4001,747,630,;5211,426,,;1410,733,714,270
195030:5138,674,682,150;5213,,,216;2601,288,205,201;4227,361,329,210;1107,845,832,190;5009,121,175,266;4506,639,577,199;2701,530,,220;4510,434,457,210;1410,671,733,182;1405,559,630,205;1419,659,615,210;1407,682,645,230;4008,,,190;2301,308,,210;5401,,,220;0301,,,196;4509,293,351,218;4005,,,200;5122,,,190;1601,239,379,;1313,,201,;4201,301,351,213;5201,566,529,
195164:5214,371,424,270;5208,521,529,244;1310,,340,270;5203,,500,270;4201,281,286,233;5202,364,388,245;5100,,,270;0907,328,353,258;0904,,336,270;3105,296,276,250;4511,266,308,219;4510,,,219
195304:2401,240,219,235
195474:5214,429,476,270;4201,318,311,270;2601,312,291,270;5203,459,484,233;5201,,,265;5208,508,516,260;4510,382,308,270;2301,322,337,270;1101,612,627,223;4506,471,451,270;5401,280,367,270;2701,517,494,;4407,282,367,260;5213,,560,260;4008,,,235;4511,382,383,;1609,174,246,;5001,,,213;2613,270,215,270
195526:5201,502,436,207;4201,344,367,178;4510,357,326,236;5007,333,347,185;2301,187,269,200;0301,296,207,268;2601,244,,146;4506,496,461,;4511,291,327,92;4005,380,368,;1101,465,503,;2615,,252,;1609,363,297,;4502,,297,;4509,,412,;5005,,201,;0501,,215,
195809:2601,209,252,250;4301,351,372,256;5202,364,396,260;4201,251,302,267;5208,495,582,260;2200,266,297,255;5203,425,361,265;0901,320,376,250;5214,422,392,270;3105,271,318,251;5102,158,174,231;1312,451,383,270;1101,330,445,260;4510,239,375,263;0909,373,377,260;1313,,167,247;2301,,233,270;5199,381,409,250;1110,498,630,224;1002,249,276,270;5401,,297,223;5213,687,787,195;0904,287,252,251;4506,475,564,233;5004,,410,270;5109,1007,1023,270;0301,,,260;5209,441,347,233;4005,,,220;3801,,376,;4511,285,304,270;2401,280,,
196042:5202,389,436,140;4304,,421,150;1102,474,421,168;5138,937,934,163;1508,582,545,140;2601,313,316,145;1510,609,582,150;3105,351,321,149;4901,342,427,180;0901,,367,;5004,325,340,173;1503,567,604,141;5106,666,,;5110,745,693,200;4506,414,,;4301,378,573,
196060:4201,308,260,198;5202,424,383,198;2601,281,223,205;4506,374,380,196;4303,322,,200;4511,318,290,215;0901,305,,201;4510,330,299,195;1101,469,405,200;5203,438,500,222;5401,253,297,195;2301,274,264,207;5122,325,,208;2701,363,,215;1110,602,,223;4005,397,313,213;5007,271,236,196;0904,313,297,225;4407,,,206;1609,,,200;3801,261,192,;4502,277,236,195;0502,313,,245;0501,265,,214;4008,380,,190;0301,306,376,190;1418,642,,;2313,331,282,;2703,573,,197;3020,264,284,238;4504,335,340,194
196079:2601,228,245,190;4506,448,467,195;4201,303,365,185;2615,209,288,195;2701,408,553,193;5203,638,603,175;5138,691,698,130;3099,319,357,190;5208,577,630,154;1907,313,328,167;4510,377,370,195;1107,696,759,190;1419,607,597,190;2301,324,309,195;5214,426,469,193;5202,455,521,159;5401,237,340,184;5212,528,739,168;2602,272,329,178;1435,640,634,205;0301,284,343,154;1405,,473,195;5007,289,290,178;1409,555,722,190;4005,,329,195;1601,193,,208;2313,244,304,193;1609,268,340,173;4511,352,314,195;1410,667,690,215;4502,,264,206;4507,504,457,205;4008,217,,167;5006,216,222,;0502,,188,230;3801,,409,215;5005,,211,195;2604,312,215,169
196088:5202,376,401,187;4201,277,273,190;2601,234,235,205;0901,348,348,195;1107,601,610,190;1419,610,562,215;5138,708,667,145;4501,300,293,190;1408,594,568,195;5122,,,196;4511,297,340,154;4510,286,271,180;4506,406,262,175;2701,343,401,178;1410,675,579,219;1402,598,595,230;5203,445,448,179;1405,476,450,196;0402,308,271,225;5102,209,192,205;5006,238,265,189;5007,237,257,161;5401,266,267,212;2301,270,238,150;5211,290,290,200;1435,616,594,209;1407,553,427,215;4006,308,218,198;4005,335,353,228;1409,619,671,205;5005,257,160,225;1414,454,521,215;4507,314,252,245;1601,169,183,165;5003,197,188,204;1609,240,267,195;5110,670,705,163;4502,192,277,220;4008,344,,;0502,,,158;5109,685,,
196097:4201,291,310,168;2601,249,219,200;5202,407,425,164;5100,332,385,190;2703,416,413,190;4506,445,427,205;5138,845,859,150;4510,330,278,175;4511,304,297,173;2602,276,233,183;2701,413,396,198;3031,444,620,195;1419,591,605,199;2301,309,282,180;5401,328,240,195;1104,510,605,198;2613,264,204,200;1601,263,162,189;4008,253,412,213;4407,230,,201;3099,397,290,210;1409,659,671,198;0904,378,383,234;4005,421,422,215;1405,454,397,245;1410,613,496,145;5007,212,159,158;5110,790,765,175;1408,632,,165;0301,346,293,166;1407,608,601,225;1609,311,269,168;0502,,354,;1401,633,622,200;3801,,313,;5109,801,828,187;4502,158,201,177;1101,738,762,163
196103:2613,227,229,;0301,351,314,;0302,356,361,;2607,,197,;0406,,427,;1401,589,553,
196112:1101,539,560,198;5202,343,375,130;5138,628,644,130;1508,505,597,188;1503,496,582,224;1110,457,487,184;1419,586,,240;5107,452,427,;1408,,,184;5203,377,358,205;4201,285,281,142;1104,413,374,;1499,,,147;4511,,340,
196121:5138,648,634,164;3105,288,327,234;4201,296,303,196;4301,323,338,177;1313,330,331,217;5202,384,395,160;2301,271,324,221;2601,358,286,216;5007,276,284,214;4407,331,,189;0901,349,293,200;5107,,606,;5208,429,405,213;5203,426,410,226;5401,240,297,230;4510,338,276,231;4511,330,313,180;0904,309,282,197;5214,378,416,166;0301,307,,184;0502,,297,236;3103,317,331,196;2701,469,427,;5003,222,260,215;5109,,372,270;4006,,324,;5005,,208,;4502,,311,;5211,385,383,;1101,507,509,187;1301,331,340,260;2613,382,261,;3020,273,,
196149:3105,275,340,215;1313,393,381,215;1312,400,340,218;5206,366,408,215;1310,439,461,;4201,302,264,195;0901,365,351,215;4504,316,328,195;2601,298,351,231;5102,195,246,202;2401,256,333,214;4511,287,329,205;5401,404,297,225;4510,,406,220;2301,,252,;4507,,333,;5123,312,383,250;2701,,,195;4006,,340,;5109,308,394,215;4509,,329,;5004,307,297,;5199,329,336,250
196158:1313,361,305,258;4201,317,295,215;5202,359,366,235;5005,243,264,270;1312,278,267,230;4301,295,335,229;5009,222,,256;1310,410,318,245;4407,278,297,198;0909,304,331,223;3105,261,286,204;0907,259,244,260;5102,,,214;5004,340,288,225;5010,270,267,236;5203,431,405,207;2601,260,264,226;5401,,266,;5214,350,419,;2301,259,267,255;4510,,286,;1104,397,419,;5110,,540,;0904,,267,;4511,,286,;5208,401,452,238
196167:4201,285,313,215;5202,428,416,190;2601,228,207,205;0901,326,327,195;1310,,,225;1312,297,394,199;1313,469,,216;4510,318,244,185;5203,530,561,182;2301,248,264,215;4502,,211,;4506,489,427,199;5401,305,232,224;2701,323,376,195;4509,303,326,175;4511,273,297,195;4008,,,174;4006,323,264,223;2602,267,286,210;4005,346,361,;4507,,234,146;1609,250,311,
196176:4201,299,299,150;1312,273,326,179;0907,276,288,193;1313,403,331,207;4511,299,301,209;2301,282,239,203;0901,316,304,185;5102,200,222,205;2601,268,223,153;5208,357,431,165;5214,479,395,173;1101,493,582,233;5203,397,458,220;1419,,,188;5401,238,226,140;5005,203,188,199;5201,,376,;5202,393,405,171;4510,,275,185;5007,226,239,215;5004,296,513,185;5001,287,261,180;4509,290,267,;1410,621,682,173;5009,,153,;0904,,361,195;0502,,281,225;2701,,410,;2401,,211,;1609,241,261,160;0501,,310,;4502,,201,158;4506,,431,;4507,,260,;4006,,308,185;1409,,673,;5006,,264,
196185:4201,313,315,191;1312,290,320,203;0901,308,290,205;5206,435,434,188;2601,271,307,198;1313,288,445,188;3105,,,190;1907,305,321,213;4301,321,367,168;5010,269,315,205;4511,287,327,185;5001,290,274,199;0301,362,252,;2701,382,276,177;5131,288,264,185;5401,156,,190;4510,365,351,218;4507,,329,202;2301,219,276,216;0502,,,222;4006,344,394,;4502,218,,203;5203,598,553,270;5005,,286,210;5007,209,213,;4005,,383,;4509,,,143;1101,462,457,205;1909,329,345,215
196194:5202,374,388,195;0907,321,294,205;4201,265,274,225;1313,319,308,215;4301,331,339,220;1312,370,284,202;5214,395,375,207;2607,226,240,225;5208,444,504,182;0909,373,352,238;5203,404,390,212;5007,210,190,190;5006,228,247,225;2601,315,304,201;2301,273,247,235;2313,238,212,250;5401,234,241,249;5210,373,398,193;5004,267,290,233;2602,358,,223;5009,,347,;0904,326,318,260;4005,323,,268;4006,337,326,270;4510,,297,234;5005,189,215,255;4511,283,264,260;1104,428,361,255;4502,,258,194;4506,452,377,;1609,,269,;2701,,,251;1409,664,,250;1101,598,673,230
196200:1313,364,400,270;5202,350,359,226;1312,421,374,239;4201,244,269,250;5009,209,222,263;5401,266,269,215;4301,307,344,250;0901,292,364,260;2601,248,274,230;4511,315,297,250;2313,213,207,270;5010,,,270;5007,228,191,270;2701,337,308,222;1107,,693,;5001,,,265;2301,,308,244;5005,194,260,262;0301,229,258,250;4006,233,274,;4502,,252,;5100,297,290,267
196219:5005,253,265,250;0901,259,282,188;4201,231,300,230;5006,226,254,257;5007,220,212,205;5003,134,178,260;5009,173,167,204;5010,289,305,195;5401,194,137,181;2401,249,269,200;5001,,192,270;2314,203,212,244;2313,213,205,228;4511,,255,190;0904,267,303,215;2601,238,237,211;4506,281,283,178;4502,235,188,153;0301,,326,;3801,,172,
196237:4201,327,341,125;2601,319,313,180;5203,449,507,153;0901,296,308,138;4504,377,346,155;1312,314,303,179;5202,381,424,140;4510,,,143;1310,468,327,184;5401,301,333,162;2301,320,297,146;5208,427,,150;4511,357,306,168;1101,,,125;2401,,,143;5210,435,351,;2701,,416,
196246:5202,390,410,195;5203,404,366,206;4201,302,283,188;5138,682,711,214;4301,322,339,214;2601,311,308,188;0907,303,301,234;5214,335,424,195;4407,299,317,215;5401,208,215,231;0301,322,331,157;0901,304,281,233;4511,,313,240;1907,292,293,228;5007,278,225,198;5102,225,279,209;5209,380,309,200;2301,,,210;4510,313,308,237;1101,481,413,183;5208,403,509,265;2401,274,267,225;4506,373,412,246;5212,468,555,230;5131,,345,155;0502,,264,260;0904,263,297,218;0909,305,371,244;2313,,211,;2701,,383,;2613,,220,;5211,,416,;5110,,645,;3105,237,,
196291:4903,698,734,233;1419,709,880,251;1410,746,682,260;1435,747,791,250
196413:4201,322,315,260;5208,683,641,270;4506,456,478,255;0909,476,449,244;1104,607,671,266;4510,393,365,261;3105,373,271,270;0901,379,333,260;5214,508,432,270;5202,605,517,270;0907,378,300,264;0904,394,363,270;2601,260,264,270;4509,375,329,261;5203,642,613,270;5004,404,385,270;1101,745,,270;4404,480,419,260;4304,,,270;5122,258,,270;5005,212,231,270;5006,277,,269;1419,639,670,270;2615,284,,270;4511,329,344,245;1907,313,313,230;5215,538,,;5401,320,317,243;1402,609,521,270;5007,180,176,270;5010,280,368,270;1310,480,573,270;5207,465,548,264;1408,604,667,270;1313,422,,250;1405,509,484,270;2701,463,,270;4005,338,,215;1409,758,813,;2301,269,308,268;2313,345,,233;5102,193,,;1301,,,233;2703,497,,;4407,360,,270;1407,608,615,270;1410,693,,;1905,233,282,268;0405,344,427,;1609,282,360,261;4502,256,340,225;5009,297,,;0502,282,,;2602,305,240,270;4507,346,183,270
196680:2401,455,497,79;5202,627,555,133;5138,775,747,172;4201,415,,187;5199,508,473,189;4301,468,534,146;1503,,,195;5201,474,496,125;2601,378,,176;5122,,,229
196866:4506,503,587,270;4510,424,341,254;2601,362,416,215;4227,,,251;1419,636,678,270;2615,315,311,245;1101,,765,;1405,,591,270;1410,,634,;5401,,318,;2301,,208,;4006,398,427,;2401,419,396,245
197133:4506,647,580,190;4227,289,,190;2701,599,497,190;4510,389,317,175;1101,649,695,170;2601,328,324,190;0501,139,,;0901,187,340,168;2301,392,308,190;5401,180,,190;2615,407,264,160;3025,359,,;2602,327,410,;5005,200,282,200;4509,,,202;5007,325,356,190;1609,353,297,190;5006,192,397,180;0301,,275,;4511,,340,;4008,,,170;1603,,201,;4512,285,240,;1301,,397,;4507,,244,;2401,291,,187
197869:4201,248,220,203;3105,231,260,204;5202,385,425,188;1312,358,378,205;5214,395,405,189;0909,322,331,188;2601,273,319,205;1313,357,377,217;4301,304,346,181;5004,344,357,214;5138,596,564,125;0301,220,231,205;4407,303,345,208;4510,259,287,192;3103,228,229,195;5220,563,557,188;5208,442,543,205;5212,515,544,207;0901,363,286,195;5102,,212,178;5122,279,279,190;0907,283,282,215;5203,401,450,196;1107,608,606,225;5107,343,383,215;2301,213,229,205;5131,227,276,230;5007,158,192,223;4005,331,383,239;1907,298,230,196;2701,381,297,165;4502,197,181,215;4506,407,394,205;5401,,269,200;0904,254,303,202;4507,345,379,181;1310,371,358,241;1601,172,,206;4511,245,261,191;4006,336,,223;1909,284,314,227;5005,,188,238;4008,325,,221;5010,167,282,235;5209,313,305,219;5213,530,,228;2401,,201,190;3020,213,267,195;5009,,,260;3801,151,,;5211,386,377,267;2613,197,264,
198136:3105,228,260,233;5202,375,397,190;4201,321,325,265;5138,594,,260;2601,234,261,260;5208,499,516,255;1312,361,386,195;5203,407,431,247;1101,475,521,250;4303,338,364,240;5120,477,455,214;5214,366,370,184;4301,276,290,270;4501,364,397,;5107,314,313,215;0909,,,218;1110,387,,239;4407,,308,260;5209,376,397,198;4510,,,208;5004,,297,;1313,365,376,
198419:1107,1151,1069,135;4506,947,909,132;4405,514,601,105;2601,209,336,125;5138,654,640,188;4227,,,121;1409,1088,971,145;2615,342,311,126;4510,431,545,140;1419,713,810,100;1405,676,751,139;2701,,813,95;2705,,835,135;5122,,372,125;5401,451,529,130;0301,338,368,119;0501,435,207,;4005,,272,82;4511,604,453,;2301,372,383,154;2604,,368,120;4502,,405,;1601,334,427,;1609,,521,;4201,421,372,154
198464:5138,611,601,243;5202,423,426,218;5122,291,303,250;4201,265,300,233;0901,336,349,213;5214,445,420,233;1312,361,376,215;2601,327,325,241;4301,304,363,226;2401,291,296,235;5208,462,463,225;3105,258,323,255;1313,376,384,250;1401,611,584,243;5007,239,259,257;5212,481,546,214;5107,468,395,228;5203,436,438,223;4510,354,352,233;4407,349,336,253;5123,312,326,250;4005,400,408,220;1907,275,250,260;5209,335,370,253;5102,,,228;1107,580,615,248;4506,395,355,248;4511,232,280,233;1101,581,667,269;2602,,,218;2301,270,273,242;5401,349,380,250;1909,325,372,243;5131,300,239,189;1310,383,381,260;5004,403,412,248;4502,202,215,264;2701,,421,191;5009,,,255;5005,186,168,270;1601,270,,243;5003,230,264,;5110,,483,;5207,,,270;4006,344,340,205;5109,345,,205
198516:5208,586,622,195;5214,501,500,205;4201,444,236,195;3105,,340,228;0907,,,195;4510,393,367,205;5203,583,600,200;5122,272,286,205;1312,,390,200;4506,,442,195;5005,,215,;0901,434,411,220;0904,,394,180;5010,,297,260;2601,,252,231;2301,,353,;5401,,264,;5003,,308,;1310,,394,;1609,,329,
198695:5202,411,,210;4201,269,,;5004,402,,;1312,,,245;5210,357,,
199102:2401,264,273,264;4201,251,275,260;0901,246,247,260;3105,249,252,290;5202,367,427,280;4301,288,315,270;2601,267,260,276;0109,280,227,272;5138,633,590,168;1419,666,687,270;1107,748,687,258;4407,275,235,260;1435,734,665,310;5203,531,408,262;1405,,,270;1407,726,611,233;1410,713,450,270;5214,352,547,269;4510,272,,270;5004,226,252,285;0100,259,297,274;1408,601,560,300;1409,658,,280;1312,431,425,;2701,,,247;5007,217,,280;1313,380,264,198;2301,227,220,286;4511,239,286,280;4506,355,372,260;1905,,,281;1907,278,286,310;5005,,,255;1503,418,521,335
199120:0901,377,343,146;2601,245,279,150;4506,573,518,141;1107,742,721,135;3105,269,261,165;5202,749,738,142;4510,366,345,146;2703,649,677,141;5138,605,595,198;0501,282,307,133;4405,398,383,140;2301,259,243,148;2615,,,148;5401,287,255,143;4005,323,302,140;2701,478,482,151;1312,336,377,120;1405,564,,150;0301,295,335,120;4511,304,284,141;4502,272,290,125;5210,396,453,128;1104,574,540,132;1609,331,215,134;3801,360,182,146;4008,430,368,172;5107,400,521,;2401,332,,130;1601,275,215,168;5009,258,340,180;0502,295,266,114;5007,224,270,116;5106,535,538,110;5005,223,290,158;3802,296,,126;5122,290,,;4507,304,,;5109,581,589,;4006,282,,;5110,522,,175;4201,290,294,140
199139:1107,610,603,215;4201,276,276,215;5208,462,482,215;5107,,,213;0901,342,351,205;2601,283,291,215;4301,346,340,207;5202,423,400,205;5214,387,384,195;4510,319,352,215;1419,638,627,268;5203,428,471,219;1312,368,379,224;5138,599,583,191;2301,281,323,195;1408,612,557,220;4511,326,310,225;1410,672,639,220;5401,312,340,201;5007,267,291,251;1609,251,323,215;1101,,,200;4407,307,303,225;1409,584,708,205;5109,565,529,162;4006,296,319,230;2701,384,398,226;5122,339,386,270;1508,587,567,258;3020,243,252,233;5213,,,209;1310,383,384,218;4507,352,469,228;5206,441,412,210;4502,265,291,260;5211,422,484,213;0402,484,459,260;1603,305,201,280;4005,407,427,215;1503,576,427,250;5005,210,286,215;3801,240,297,238;5009,,,260;1605,288,,218;4008,,,280;3802,357,278,225;3105,288,280,225;0502,292,316,278;5003,266,158,215;1510,633,589,265;1907,321,333,230;5212,524,609,
199148:5202,369,390,231;4201,248,249,218;2601,314,325,254;0901,259,288,230;5138,606,588,212;3105,268,295,226;1312,385,379,224;4407,324,310,250;3099,,,227;4511,242,304,243;2401,236,279,205;1907,284,289,250;5122,318,334,250;1909,317,371,252;5208,398,438,225;4510,299,279,236;5005,230,,240;5007,196,229,244;5203,420,424,200;1313,386,368,255;1107,598,684,244;2301,249,294,176;5004,346,368,255;5401,284,325,231;3019,268,299,255;5102,,,205;1310,366,368,210;5009,160,336,263;5211,,372,250;4506,333,351,;2602,356,329,207;5003,178,235,250;5207,297,313,;3801,,,204;5206,,,211;5010,,,230;0502,,264,255;2701,,372,188;4502,155,277,270;1601,,,258;1609,319,286,216;5209,299,351,219;4507,296,297,195;1612,,,270;3802,,201,;3103,306,291,
199157:4301,318,315,270;5202,342,328,285;4501,271,,270;4201,276,288,272;5138,633,637,310;4407,246,221,280;2601,284,319,270;0901,231,213,274;3105,228,303,310;5122,,,310;4510,285,282,280;1312,377,388,270;2401,,,275;1101,,,310;5203,413,264,250;3103,255,260,304;2301,,256,;5007,,222,310;5209,321,319,271;5401,,322,307;5009,207,258,;1313,275,279,;5120,339,394,224
199193:5202,498,489,195;2601,280,311,205;4201,273,238,201;1107,739,707,205;1419,642,645,231;0901,334,359,200;0109,312,225,209;4510,340,331,205;1410,688,691,235;5203,470,473,185;1407,732,698,212;3105,342,356,190;1409,696,701,227;0301,317,273,211;1405,490,560,199;3019,304,370,204;0101,431,427,195;1408,634,567,240;5206,492,509,221;1435,661,703,211;1313,411,413,231;2301,290,308,207;0305,550,669,218;1312,396,388,215;4407,268,286,174;2602,365,421,220;5004,387,364,195;5401,289,329,165;1402,631,564,208;2705,525,465,234;4511,318,267,182;2701,479,286,199;1601,312,,190;4504,343,383,204;0111,371,345,194;2607,206,166,205;3020,294,252,224;2605,395,473,230;3103,320,311,190;1418,537,615,211;4006,378,304,200;4005,442,340,165;1401,616,640,;1414,,,260;4008,350,,227;2608,,,223;2401,496,560,190;5007,,,236;2703,570,,220;4502,274,311,240;5010,176,192,;0100,357,,195;0102,435,410,;0402,538,490,258;3801,,,217;1423,664,,233
199218:5138,633,593,151;5202,397,432,196;0901,299,345,190;3105,,353,;4201,256,261,209;2601,313,263,210;1312,364,372,183;5122,294,335,215;4504,272,318,200;0301,263,260,215;2613,226,224,195;1107,544,645,240;5006,208,257,205;4407,272,327,195;5401,309,252,228;5199,459,465,234;2301,261,277,220;4510,270,308,206;3020,226,340,175;5123,261,347,195;3103,322,297,201;4005,347,399,164;1101,490,457,260;1609,,297,233;5007,208,240,225;2313,178,213,263;4502,225,183,230;1310,374,383,190;2701,391,386,212;4006,338,286,230;4511,258,276,233;5005,210,233,250
199847:5201,655,667,189;5208,732,805,195;4510,497,496,225;0901,431,377,223;4506,571,557,205;4201,267,297,214;2601,245,319,211;3105,244,264,228;5401,405,418,210;1107,701,710,205;4511,398,366,230;2705,402,,;2301,430,409,195;4005,380,410,223;1609,350,394,;2701,,705,;5007,,442,;5213,,630,;4502,,367,
199999:5138,638,621,169;5107,253,321,285;3105,230,229,260;2601,321,306,260;5202,306,311,260;4201,278,219,250;5110,520,479,208;5123,260,246,260;4301,255,317,251;2401,258,258,254;0901,189,244,268;4407,263,286,250;1312,353,311,272;1107,580,311,307;4510,229,324,250;5203,329,427,260;5007,,182,;1101,427,406,;4511,176,286,
200280:4901,478,434,215;5138,618,614,246;4201,326,324,206;2401,375,372,224;1419,662,646,225;2601,271,347,205;4407,386,383,223;1312,368,370,265;5202,442,402,207;5214,411,432,232;5203,519,516,236;0901,324,359,205;1408,613,630,182;5208,520,455,233;4301,415,327,195;1410,765,765,270;5110,592,536,243;1407,625,663,250;3105,377,289,;1101,562,555,240;4511,362,,;1313,384,404,;2301,304,311,222;4510,,252,;4501,390,,241;5123,386,351,;4304,,376,;5207,372,311,243;5210,427,488,;2701,366,,;5131,374,368,;1425,841,728,270;1609,,412,;3099,,,188;5004,,282,;2607,288,,
200332:5138,614,624,243;1419,642,654,261;1907,347,356,228;5202,420,431,225;4201,320,301,227;2601,264,223,218;1107,598,589,250;1408,605,636,223;5208,474,485,233;1313,390,407,248;3099,393,314,178;5214,438,447,215;0402,,,269;3105,331,345,215;5120,,,185;1410,695,664,211;5109,577,539,270;0109,331,379,214;1510,647,,270;5203,497,509,233;0101,516,493,179;4301,420,380,211;0103,515,564,215;1435,628,596,256;0909,387,397,220;5212,478,568,229;1409,,728,215;2605,329,441,245;4510,310,286,203;5004,,390,270;0302,384,360,251;4303,421,427,270;5009,391,363,;1909,391,399,215;5131,409,361,266;5007,,266,;0100,,,181;0904,,311,;2701,444,455,;4511,445,369,233;4506,437,427,;1436,627,677,;5005,,243,;5110,500,532,310;2301,259,237,215;5401,,368,267;5209,368,401,;2602,,,244;0102,449,521,;0105,364,,;2607,218,288,238
200800:5138,573,571,213;1419,655,668,240;5202,475,465,260;2601,233,347,215;4201,291,266,250;5214,410,406,240;1310,322,336,231;4301,330,338,250;4407,340,278,220;5203,510,478,231;5208,443,465,219;1407,661,710,213;1313,317,331,250;4510,325,270,254;1408,622,588,200;1405,599,524,231;0909,358,354,260;1508,586,587,243;3105,279,322,289;1410,710,706,247;1102,,,231;1409,633,690,233;5111,,,206;0907,266,284,260;5004,342,389,269;5102,,281,215;5123,273,299,239;5210,420,486,212;2301,293,297,275;4506,,427,;5009,,137,246;5131,363,347,242;1510,626,594,250;4006,373,416,240;5109,382,471,253;5401,226,244,223;1503,562,693,270;1907,292,303,285;5007,218,215,252;2705,440,,;4302,351,361,244;2401,257,326,284;2602,,,260;4511,279,302,;1104,505,,176;5211,,383,;1312,285,318,261;1909,,317,280;4005,,,260;4504,318,335,205;5201,371,365,291;1905,415,419,
201441:1310,349,334,260;5202,552,564,237;3105,298,352,250;2601,272,264,245;1312,338,344,250;4301,329,389,250;4201,272,284,237;5138,585,570,250;5214,419,517,233;2313,315,346,260;5203,514,477,212;4901,404,444,215;1907,279,294,256;5208,518,557,233;5004,340,354,270;1003,332,302,263;2401,284,302,298;4407,340,345,270;1515,620,,255;1409,601,573,266;1313,365,338,270;5107,394,388,255;4005,343,458,243;5007,254,236,270;5102,,240,233;5199,340,290,223;0907,269,,270;4510,220,308,238;1104,528,,250;5006,200,267,260;5211,552,,265;5212,651,630,200;4506,374,504,236;5131,190,258,259;5201,368,377,231;4511,296,302,270;5122,,329,233;0405,365,359,270;0909,390,386,225;5001,204,211,269;5009,159,185,270;2701,498,502,206;5401,216,297,250;2301,281,,229;5005,200,207,253;0904,305,302,270;5110,582,605,;0302,296,286,258;0501,,290,;1101,368,645,310;5109,435,356,;1609,,201,260;3020,,,243;5100,323,301,260
201645:1107,740,716,254;2601,201,,233;1419,673,699,249;4201,250,222,250;5138,603,600,266;1405,604,640,233;4506,589,383,239;2602,172,251,230;1410,750,682,231;4005,,,195;1402,672,635,261;1407,693,663,233;3025,,,254;5208,604,573,259;5202,,,260;5203,,547,250;2301,,383,250;4510,,297,;4511,276,,;4502,,275,260;1408,,618,252;4008,,,250;5214,496,,270
201690:5201,254,281,310;4301,316,304,310;4201,210,252,310;0904,,215,310;2601,222,275,306;4407,,,264;1312,,281,
201885:5214,432,429,215;5138,605,573,205;4201,309,326,228;5208,520,482,205;2601,321,322,223;4301,342,334,244;5004,501,452,255;1312,337,334,250;1419,675,689,250;1101,635,590,224;0901,367,351,216;5202,518,561,225;3099,414,455,223;5203,513,491,225;5110,587,580,254;3105,314,292,217;1407,734,705,211;2615,259,240,238;5199,203,235,250;1410,732,690,270;0907,280,329,230;0402,419,369,226;4510,362,297,204;5210,415,418,250;4407,317,322,255;4506,444,383,185;5007,230,248,280;0301,246,232,200;1408,639,639,245;5109,642,547,222;1405,636,596,206;2313,,300,;5005,275,235,257;1402,678,650,208;1409,722,,207;5102,,,231;5009,234,,223;4005,414,458,195;5107,574,595,250;5211,,264,219;4509,168,,225;5131,,,258;1414,640,,;5122,,,260;0904,292,264,250;1310,371,405,241;5401,348,368,231;2701,378,,195;1609,,267,205;2401,290,,195;0403,434,,255;4502,,252,;2602,,,195;4511,257,,203;1313,312,302,;2203,404,372,234;3019,392,354,;2301,287,,205
201964:5202,439,432,260;4201,269,290,248;2401,304,258,200;1312,229,,;4303,298,286,;3802,342,323,306;5107,404,386,;5138,628,659,
202480:1419,653,687,238;5208,542,550,225;5214,478,492,238;0901,399,422,250;5100,,,250;1312,346,364,209;4201,254,330,250;2601,234,278,251;5111,170,209,236;1410,690,705,265;5203,555,582,270;1408,639,627,265;5206,541,564,227;1407,686,723,230;5212,599,637,265;4510,376,361,247;4301,343,370,260;1107,,,250;5207,528,457,255;1508,625,677,270;1310,415,380,200;5202,554,565,230;2301,349,383,244;3020,283,416,241;5211,457,573,248;1409,654,746,261;2613,,,230;4506,,361,220;5401,,354,269;5004,387,419,;1609,,340,;5007,,159,;2401,,457,;3105,315,438,260
202523:4506,537,504,224;0901,381,361,250;5211,,,270;4227,,,249;2601,280,252,250;4510,,372,241;1301,353,308,;5401,,383,;0502,,297,;0301,270,282,;1609,354,340,;2313,270,244,;4509,,351,;5007,,156,;5006,,228,;4201,253,326,
202806:5202,478,472,231;5203,473,470,198;5107,420,370,200;5210,447,480,235;5214,409,413,193;5208,493,467,192;1101,554,547,289;4301,374,395,268;0909,441,427,263;1110,,,210;4399,448,710,;1107,,615,283;5004,383,377,282;3105,,,291;1108,,465,;5201,430,340,194
203517:5138,576,571,250;4201,263,246,250;5202,390,415,249;5004,354,381,250;1312,293,289,250;5214,406,401,242;4301,307,305,246;5122,304,311,260;0901,306,343,250;5208,454,456,248;2601,264,279,221;1313,308,343,250;5203,477,506,223;3105,288,295,250;1107,576,645,225;0402,317,370,253;2401,364,350,270;1907,300,305,260;1301,289,288,259;2301,236,224,250;5102,218,212,211;0909,384,386,244;5220,584,576,225;0907,265,250,235;5005,229,226,260;0301,252,323,213;4901,428,444,237;4506,,,238;4510,281,236,214;5007,211,236,269;2607,219,229,250;1310,359,344,240;0904,281,339,250;4511,255,261,233;5210,,,229;4005,375,383,249;5401,224,273,251;5131,260,265,248;5209,364,365,250;1101,413,413,250;2203,354,367,219;5111,333,376,260;5009,265,195,280;4502,256,267,254;4006,308,354,250;5109,521,442,250;5207,354,416,250;2701,478,383,193;1435,521,490,265;1609,,185,;4507,194,329,;3801,,332,;3103,286,273,195;1500,372,412,270;5206,404,403,250
203535:2301,251,235,190;4506,510,509,187;4201,390,252,190;4510,433,,184;5401,372,,;1609,,267,;2601,,281,;5007,188,260,155;3020,,297,;5006,,351,
204024:5208,613,635,218;4201,325,309,233;3105,322,314,245;5214,524,583,220;5111,217,215,233;4510,393,379,250;2601,300,323,250;0909,447,452,235;1312,359,349,230;5203,581,588,225;0907,450,457,237;4506,558,526,246;5122,343,,219;2313,343,340,233;1313,341,354,236;1419,624,615,247;5212,662,645,260;5202,628,665,243;5102,,,250;5207,393,,220;2705,530,630,239;5004,393,438,260;1409,678,765,260;5206,587,617,240;5401,267,281,224;4006,340,311,195;3033,386,473,224;4509,364,367,205;4511,281,327,233;2701,,,179;0901,326,401,198;0904,374,388,270;2607,210,240,225;4407,298,333,250;0301,208,223,255;5131,262,308,217;2602,346,427,189;3099,,297,;1405,482,473,270;0501,400,311,205;1407,685,665,205;1310,383,372,260;4404,290,420,257;2605,389,422,270;5009,,273,270;0405,,440,;1410,,677,;1609,350,364,207;5213,587,550,270;2615,,,229;5007,252,266,270;0403,,,250;1515,629,746,268;4507,398,427,;4502,,297,230;5005,298,220,;5138,571,567,248;5109,,340,;1436,659,,;2401,317,348,285;0402,453,456,;1101,578,596,250;1500,661,668,188;1907,313,322,;2301,317,315,270;4301,337,333,195
204501:5009,209,195,255;2601,287,235,233;4201,285,215,238;4506,577,412,250;0301,213,215,233;1101,700,765,260;4510,,297,233;0501,194,163,250;5007,166,188,205;2301,,190,256;2701,,,226;5401,289,,253;2313,310,,265;2615,306,278,;4511,,282,;5006,,170,255;0502,284,,;3801,,182,;5005,,228,;4502,,252,
204796:5208,582,607,195;0901,374,404,198;2601,275,301,205;5214,499,485,203;1409,767,709,195;5203,571,571,223;4506,429,423,210;5138,617,604,186;4510,339,374,200;2615,272,249,211;5202,562,563,215;2701,482,431,195;1313,351,359,208;1419,704,731,199;1410,704,746,219;1407,669,696,208;3105,324,353,203;0301,327,351,207;1435,709,757,210;0109,342,327,215;4509,317,363,184;4407,310,328,217;4504,338,378,195;2301,275,290,200;1408,613,601,218;1907,290,325,191;5120,278,344,193;5122,379,366,163;5401,262,321,198;5206,565,549,195;5102,281,291,184;1101,686,683,211;2602,244,276,185;4404,343,359,205;1909,382,420,205;2703,672,,155;1312,306,301,220;5007,285,280,256;2607,229,260,214;5109,528,550,213;1905,345,368,220;4511,351,359,191;1405,460,427,231;0402,358,407,255;1402,639,634,254;1609,272,335,215;4201,304,308,195;4502,251,279,205;0101,469,467,195;5212,596,614,205;5213,655,580,205;4901,398,469,217;0302,307,291,248;4008,450,473,215;1418,678,710,195;2605,350,347,198;4507,389,388,205;2608,216,348,202;1603,295,347,206;4005,407,405,245;5210,456,473,195;5215,551,538,173;5209,362,392,205;5006,253,201,207;0403,382,321,240;1499,711,751,218;1601,300,252,198;5004,403,458,217;5211,465,534,270;5106,558,561,200;5009,220,221,255;1310,390,370,246;1414,587,620,183;4405,,,144;4002,,,205;0502,242,279,216;0904,289,404,205;4006,346,361,250;0111,413,415,183;3801,301,311,208;5107,473,490,250;5110,563,534,220;5005,204,273,233;5003,211,252,255;2401,317,383,195;5131,400,443,205;1612,,351,;3099,,329,170;1605,,383,;5201,372,469,197;0406,460,484,210;2200,338,342,193;5111,277,273,195;5123,306,236,
204857:5138,630,625,137;1312,292,299,215;4201,265,259,233;5214,463,494,234;2607,244,283,234;0901,350,350,215;0904,359,358,240;5208,513,537,243;5202,424,433,216;0907,303,279,237;4510,326,343,225;4511,305,340,245;3105,345,348,230;5107,377,363,248;5212,601,577,253;2401,317,315,240;5102,248,286,229;5203,546,544,255;1107,641,672,215;1419,682,628,262;1907,320,329,261;4005,389,394,245;5009,341,372,268;1407,605,573,227;1408,596,585,269;4407,305,328,200;5007,207,214,253;4901,484,505,221;1310,367,361,270;5401,248,223,233;4006,388,383,185;2313,,,255;5005,181,229,219;1435,639,610,270;1609,,208,270;4502,,201,250;1410,747,682,231;1909,422,388,238;4506,344,351,198;4507,303,265,260;5004,315,340,270;5211,,,254;5122,400,,239;2301,,243,;5206,459,,210;0501,,162,;5109,348,,270;1101,399,400,208;1905,310,340,248;4504,372,342,158
206084:5138,578,581,205;5202,472,496,211;5214,461,463,228;1419,682,719,175;5208,426,473,180;5120,432,360,249;1409,610,618,247;4301,348,343,248;2601,182,236,195;2401,253,326,328;1312,323,310,233;5203,481,504,206;0901,281,300,232;1405,620,635,198;1508,592,622,241;4201,245,248,206;5210,393,424,230;1410,736,756,213;3000,348,326,230;4407,335,348,280;1407,663,727,258;5107,354,351,248;5123,329,319,249;2301,196,252,195;0301,306,269,179;1408,604,585,200;1510,570,604,242;1104,468,555,215;4510,286,308,201;5401,196,215,223;3801,,297,;2203,315,354,259;1101,504,645,299;2701,,383,;5007,207,252,223;5122,,394,248;5109,524,469,250;1310,293,308,205;5110,623,,310;5207,,416,;5211,489,,;4506,,383,;5006,,201,;3105,274,281,201
206589:4510,269,304,268;2601,236,269,261;2602,,,268;2701,,367,270;5401,338,235,265;2615,,,233;0901,,388,221;2301,253,286,267;4506,395,480,;4511,243,266,270;3801,,208,231;4502,,252,;4005,,340,;5007,,167,;4006,,252,;4201,281,183,260
206604:5138,604,585,240;4201,277,295,250;5202,378,397,225;1419,638,643,228;1101,597,601,250;5203,473,461,238;1312,300,313,265;5201,409,416,185;5214,404,410,233;2601,275,319,215;5208,436,451,178;2301,244,244,215;4407,358,354,223;1313,326,372,236;1410,635,623,221;5005,169,260,260;3105,297,351,270;0901,318,360,243;1409,646,581,178;4504,313,323,260;4006,348,351,260;5401,258,252,153;5007,214,235,260;1405,406,487,214;4510,303,297,250;5210,403,422,250;5006,,,270;5206,,,205;5123,319,282,279;4511,350,284,;1609,,221,188;3020,297,,;3099,253,290,310;4005,,383,;5110,,534,;5109,355,,236;5212,489,493,288
206622:5138,590,571,188;5214,454,487,263;3105,335,329,270;5208,530,499,270;4510,325,362,260;4201,300,290,260;2401,418,405,233;2601,255,278,270;5202,495,502,270;5203,544,573,270;0909,393,362,265;5199,442,390,270;4301,307,335,248;1107,683,661,270;1312,356,344,270;4005,,,270;2301,,329,268;5206,441,,;0907,277,,260;4506,,521,270;5210,415,495,;5211,457,,;5212,461,,
207388:5202,420,383,203;5214,416,434,210;1419,631,633,206;2401,313,313,232;4201,293,282,197;0109,322,288,188;5208,517,521,213;5203,537,509,207;1101,543,573,231;0101,435,326,174;1402,637,,195;4901,411,361,186;1312,383,343,240;2601,318,,206;1907,354,319,215;0909,324,328,213;1905,291,252,185;3105,,,205;5102,231,,183;2605,307,377,185;2607,233,252,205;4510,283,,195;1410,717,685,206;2613,300,264,214;1313,446,383,205;1408,631,,215;2602,198,,187;5207,440,444,205;4511,344,336,222;1407,724,702,245;5007,320,252,211;5209,412,347,211;1435,608,,260;1510,649,639,245;5211,392,,227;5122,310,267,197;1409,580,,221;2301,302,,213;5206,393,,163;1508,567,544,224;2701,420,,224;0904,334,282,212;5401,294,,223;0301,324,,;5138,,,125;4006,422,,228;1503,587,,253;1609,435,,;0402,513,553,;4302,725,722,260
207500:4201,271,255,217;5210,415,473,215;0904,352,331,230;5214,483,518,193;2401,415,378,229;2607,243,215,233;5208,526,565,195;5203,480,598,199;3105,282,294,215;5212,588,624,177;4511,315,333,225;1107,635,650,233;1419,654,664,215;0909,419,383,207;1312,383,368,213;4510,259,360,207;0901,381,353,215;3000,381,340,191;1410,697,677,223;1313,402,400,243;3020,318,329,215;4506,520,457,194;1407,648,532,240;4407,291,379,230;4005,211,165,190;1435,683,702,270;5005,232,229,200;1408,534,615,223;4301,482,488,244;4901,466,457,205;5401,343,306,231;0301,411,267,241;2605,252,347,243;5220,654,693,219;5004,442,,263;1409,705,,224;1425,786,910,230;2701,430,521,150;1402,657,687,235;5009,,,228;5202,,630,167;5206,,,178;2301,308,311,190;4502,283,252,219;1609,,383,195;2602,,,214;0502,,,197;5003,,173,219;4507,339,379,259;5007,215,340,233;4404,,,195;4006,,,270;5006,,209,211;0402,516,500,;5106,679,665,150;5109,587,612,150;5138,587,595,169
209056:4201,226,301,243;2601,263,266,215;4509,310,261,230;0301,193,264,;2301,268,311,233;0901,354,347,205;2701,331,252,;5007,250,212,250;5401,,244,;4510,,368,;5005,,201,;4506,,368,241;1609,,240,;3801,,188,;1107,,,240;4511,255,215,
209542:1107,746,734,227;5202,439,473,215;1419,665,629,232;4201,316,306,224;1907,304,300,230;3105,283,295,231;2601,255,320,205;5111,260,286,227;5208,490,505,210;1408,640,634,225;0301,355,319,205;5122,366,362,215;5214,410,443,193;0302,313,305,257;1410,707,730,227;0303,279,299,266;5004,365,396,215;4511,326,349,189;1436,,693,207;2602,,183,227;1407,621,636,240;4510,346,311,223;5203,486,536,200;0100,394,313,235;0907,285,342,221;2701,344,304,192;4506,393,419,205;0109,293,245,214;0111,364,319,240;1405,451,468,215;5401,283,329,224;2401,292,327,202;2607,243,230,246;3033,,390,;5212,541,515,175;0101,388,419,165;1301,381,367,;4005,432,379,239;4502,276,324,250;2301,272,,215;1435,659,674,219;1905,288,361,230;4006,286,340,150;0901,374,308,198;1609,241,374,219;2605,332,321,217;4507,330,376,;1423,472,461,270;4008,354,372,243;5009,286,156,194;1909,,368,;1414,415,509,;1499,632,645,281;4501,,275,;0305,397,521,;3099,232,291,;5001,229,,
209551:5201,424,476,201;0909,369,398,205;4201,284,296,195;4501,320,347,215;4510,292,353,195;4506,410,443,189;0904,286,304,233;5007,182,252,205;0301,235,218,193;4511,309,331,197;5203,538,555,184;2601,259,313,247;2301,248,246,215;1101,493,617,237;3020,302,252,195;1609,292,288,192;5006,219,275,245;1301,290,,195;4404,358,362,158;5102,244,247,172;4502,274,279,220;5401,236,274,171;5009,175,221,205;2701,295,433,155;4507,302,346,189;0502,274,248,250;3801,250,243,245;1601,231,201,207;5004,367,386,280;1603,263,310,230;4005,350,298,;2613,227,192,;4008,233,406,;2602,345,300,;4006,270,324,269;0501,,240,210;0406,,457,;0901,,,165;5005,236,279,;2401,,252,;0402,471,501,190
209807:4201,303,302,197;5202,461,468,199;4501,319,323,219;2401,320,276,226;5214,369,412,180;5100,,,158;5203,472,478,230;2601,304,279,228;1107,765,802,250;4301,363,364,226;5122,326,287,215;3099,340,284,165;5210,441,422,188;5208,494,510,164;1419,627,625,230;5004,363,440,231;4407,295,394,230;0901,365,346,205;2301,281,259,195;4510,313,292,191;2701,358,438,208;1408,615,579,225;5007,224,244,263;5006,241,217,233;1907,302,291,208;1410,727,716,239;0402,327,410,250;4506,322,363,200;5401,291,240,244;4511,270,307,184;5102,215,228,215;0301,276,269,250;4502,281,247,179;1609,259,281,195;2602,393,304,222;1409,811,765,250;4512,,,250;5009,219,,270;1601,269,281,235;3801,235,286,188;4507,269,297,218;0502,284,304,245;4509,288,297,217;1603,264,,250;4005,442,,240;4008,,602,224;5005,248,248,294;4006,357,343,213;1414,556,,;5107,299,,
209825:5138,827,786,270;2601,277,252,225;1419,610,611,237;5214,368,383,227;5208,507,480,;4201,262,365,222;1107,685,855,226;1312,333,420,270;5213,524,521,240;0301,,290,224;1609,330,461,230;4510,281,230,243;0909,322,412,175;1408,633,584,233;1410,681,703,209;4511,298,361,;5203,581,521,240;2301,310,228,200;2701,,473,;5401,,252,;4005,247,329,229;4407,263,,;0901,,297,;0501,,297,;2703,518,,208
209922:1601,,,208;2301,,188,195;5007,,286,;2601,,267,;4506,,521,228;3099,411,304,193
210146:5202,390,400,250;4201,287,267,220;5005,205,206,218;0901,269,310,204;2601,295,260,239;4301,317,332,205;3099,311,,263;1312,344,293,230;0301,293,252,208;3105,281,252,214;5007,,169,;1101,450,484,265;2301,,211,215;4501,402,340,;5001,251,213,208
210401:4506,315,399,195;4201,206,311,245;2601,294,281,230;0301,252,267,218;4510,330,368,209;3105,251,266,253;0901,255,,215;5401,,222,174;2301,211,257,203;5007,223,201,;4511,332,243,218;1609,233,329,215;4008,,,195;4502,,215,;1107,,705,;2701,,427,;4005,315,272,205;3020,,227,
210429:1301,,,155;4201,320,317,205;3099,329,276,222;5201,383,364,207;4301,359,385,215;5122,335,311,213;3105,282,269,235;2601,265,313,259;0901,330,325,197;4501,274,297,230;1101,632,526,211;1104,,427,;2301,,282,;1312,374,385,223
211273:2301,,240,;4502,,227,;2401,226,192,240
211291:4506,610,551,259;4510,495,529,255;4201,385,383,270;5203,683,661,269;2601,360,269,258;5214,,516,260;1409,941,876,;1101,,815,;1419,687,690,195;1407,714,765,270;1609,454,491,233;2313,,416,;1408,662,656,270;4511,327,354,;2301,,367,270;1405,,668,;2615,,,270;5401,,427,;0301,,480,268;4509,449,560,;5202,613,497,
211440:1107,1617,1601,214;2705,896,885,210;1410,1169,1142,222;5202,788,802,233;1419,680,759,228;1101,,944,;1405,,602,;4506,782,693,220;5005,270,252,250;1407,807,754,231;1408,,601,;4201,459,297,;5007,259,201,213;5004,850,899,245;4005,,573,;5009,,,244;2401,,399,255;2313,396,427,;3801,,497,;0402,442,538,
212009:4506,487,503,190;5211,563,518,190;4510,383,407,190;4201,367,427,190;0501,,383,198;0301,326,286,184;2602,,,190;4509,,488,190;2615,,,190;2701,521,534,;2601,235,304,190;2301,,340,190;1609,,383,190;4511,318,444,190;5007,,297,;5401,265,286,190;4405,501,553,
212054:5138,726,732,140;5203,603,599,272;5213,633,606,282;1419,679,671,308;5004,351,455,270;1107,724,753,290;2601,295,357,270;5214,513,512,252;5111,330,319,230;1405,565,502,297;5212,634,659,299;1410,740,703,297;5010,254,297,248;5202,584,573,270;1409,747,718,270;1407,675,717,298;1408,631,622,310;1110,754,,310;0909,397,,242;5006,229,252,242;5107,393,429,219;2401,530,427,245;4506,582,654,291;1108,331,,;1312,385,360,313;5211,531,604,285;1104,689,708,290;3105,367,379,270;0301,229,442,299;1500,697,645,310;2701,697,610,309;0402,562,546,310;4504,,,270;5207,,540,;4005,447,473,297;3020,372,394,290;1414,,553,310;5220,694,693,310;1418,597,636,310;4008,,,308;5122,300,,270;5209,367,329,;3099,602,595,250;4201,378,312,270;5201,544,587,;5208,634,647,
212106:5138,603,609,195;2601,226,329,270;5214,400,384,260;1312,312,349,270;4201,258,279,260;5208,498,509,268;1313,387,409,270;5123,,,270;0909,358,363,233;1101,549,594,226;5202,520,519,263;5109,,,270;5203,548,500,250;5213,480,388,265;4510,310,274,233;1405,,,270;2301,319,388,260;5102,,,270;2602,,356,270;5009,201,205,270;1108,396,434,270;2701,534,436,242;5401,263,297,270;4511,339,340,253;1107,,,238;5111,,351,233;4509,296,,250;0904,296,351,;5211,,547,;0901,,324,;5107,540,459,;2401,,521,
212674:4510,326,394,267;4506,524,560,268;5202,502,476,270;4227,,,270;2601,283,324,253;5401,285,286,270;2301,365,343,262;0301,262,313,249;1107,,,270;4511,364,,227;1609,,,260;4502,,,265;3801,,264,260;5009,,159,;4201,389,366,270
212911:2601,354,,;4510,412,,;4506,609,,;4201,380,,
213020:5138,593,598,270;4504,316,324,270;5202,408,390,261;3105,287,296,270;0901,264,300,269;2601,272,288,270;4201,294,254,260;1310,352,411,270;5210,371,420,260;5004,326,383,270;1101,568,577,270;5214,376,364,255;5208,429,457,254;5203,435,452,260;4511,284,275,270;5009,320,226,270;5209,331,388,270;2401,323,,289;2301,266,297,270;5102,,,207;5007,246,273,251;1907,259,266,269;4502,210,188,;4510,333,257,270;5212,403,493,270;2701,,412,;1905,275,283,270;4506,373,396,270;1312,364,397,270;0904,327,267,216;5109,477,475,270;5401,,275,270;5005,,184,262;4008,,,260;4507,343,396,;4006,342,372,;5123,,308,;0403,,318,;4005,,383,270;5211,,453,;1609,,,265
213385:4506,639,589,195;4510,464,445,136;4201,,442,160;1419,678,655,195;2601,357,274,170;2615,,326,;4509,472,482,166;1408,670,652,160;2301,377,324,165;1407,645,684,170;1401,677,724,;2701,,653,;1410,772,716,;5006,387,340,;5007,,297,;4006,,573,;1609,,488,
213543:5208,714,741,233;1107,803,786,239;1419,685,697,250;4201,,427,212;5203,715,703,232;5206,614,734,232;1405,618,677,260;5214,560,552,205;4510,,468,212;2601,371,383,231;1407,673,742,270;1435,721,756,238;1101,705,714,240;4509,,421,213;3000,,547,250;0904,,340,195;1408,672,677,270;2615,,231,229;5201,633,,;1409,722,722,246;2602,,,207;5202,598,608,205;2301,,252,197;1410,742,722,228;4006,,610,197;1418,,742,263
213598:5100,312,302,327;4301,393,326,325;0907,253,218,270;5202,292,300,300;4201,,,275;2601,,201,270;1101,,444,280;4510,299,,285;4511,,269,;5138,653,,270
214041:5138,723,650,106;5202,428,409,228;2601,327,380,260;4201,291,278,223;4407,309,308,245;1312,390,363,250;1310,437,430,270;3000,263,313,233;0901,305,340,250;2301,294,300,222;5009,314,286,265;1101,533,495,250;4511,326,354,254;2701,445,404,241;5007,273,252,250;5401,382,270,250;4510,358,357,260;5109,,599,;4506,414,438,;4502,321,286,;4005,430,386,183;4507,343,356,;0501,310,244,250;4006,,427,
214777:5208,612,650,250;1104,605,632,260;4201,297,305,260;1101,736,782,250;4506,459,519,245;1419,654,659,267;0909,429,414,233;5203,512,528,252;1312,392,393,260;2601,286,327,257;5210,488,516,270;1110,652,690,260;5214,514,524,249;0904,331,326,244;4301,341,353,255;0907,,,233;1410,675,685,260;3105,303,302,269;1407,705,731,267;2701,520,500,239;1435,692,713,243;4510,375,346,250;1408,614,622,260;4509,395,399,244;5138,678,694,233;5209,456,466,235;1108,,,221;5102,237,246,233;0901,321,308,250;1402,687,677,270;5107,451,448,250;5123,307,289,260;0109,317,286,250;1405,556,698,242;2705,557,564,215;1907,290,302,270;1409,764,712,265;2602,301,360,258;3103,337,351,230;5212,575,592,260;0101,474,400,260;1609,350,423,233;3019,151,,250;2301,251,298,250;5006,237,347,233;5401,271,316,260;5207,593,,250;4006,506,517,256;1499,620,661,255;0402,515,509,304;4008,505,302,233;3801,,244,233;1313,406,423,255;0111,345,441,220;5007,214,262,270;5111,229,,;5004,377,427,256;0301,350,286,260;5005,188,262,270;1425,807,695,228;4511,303,331,260;0406,535,548,300;4304,,455,270;4507,383,398,260;5009,206,297,264;4005,408,473,270;4002,229,,246;0106,459,447,258;1414,552,606,269;4502,279,,270;5213,523,456,250;0100,364,270,260;1423,620,663,246;0305,415,367,201;0502,,,266;2401,334,345,265;1612,,,226;3033,,,231;0501,,174,268;5001,255,275,242;0302,620,,;1107,582,573,270;1401,555,615,259;1508,588,589,270;2200,442,438,318;4227,279,294,254;5201,425,405,256;5202,494,476,250
215062:5208,1186,1227,130;4506,722,771,146;5213,,,158;5138,683,700,233;3801,613,615,190;1101,1022,1389,150;2601,398,358,150;2615,277,297,120;4510,499,507,143;1107,1276,1250,;5202,756,671,203;4227,,,183;3025,607,521,188;5401,504,538,100;0901,501,546,150;2301,354,326,195;5214,698,686,174;1405,728,824,156;4509,,555,105;1419,782,809,129;5007,277,383,;3020,,847,;1407,665,746,205;1418,,765,;4504,,368,;4512,464,488,;4511,437,361,;5006,,240,;4201,345,353,
215293:5138,600,602,230;2601,245,259,243;5208,544,530,218;2313,338,348,240;5214,459,470,242;1107,678,672,258;2615,231,220,215;4510,273,255,234;1419,674,667,252;4506,393,435,250;1110,,,200;5123,314,313,244;5202,566,545,205;5401,272,269,215;5203,513,551,242;1409,710,651,265;1407,692,684,248;5120,,,254;1104,479,585,265;1405,560,636,270;4006,356,311,250;1408,625,629,270;4511,278,262,223;5102,200,275,253;1435,708,698,244;4502,252,245,247;1609,,274,270;4005,385,374,270;1410,704,689,253;2605,258,,201;0901,348,361,259;2703,503,553,215;2602,303,333,266;3105,243,264,270;5006,204,252,229;2314,241,337,270;4301,320,329,260;1601,332,279,218;2701,391,376,269;5007,277,329,227;0502,,,218;4407,267,304,220;5199,386,,213;5210,483,383,;1101,404,,270;4512,249,297,;2401,369,313,240;5005,254,,;1603,,159,;5106,477,488,;5201,389,374,231;4501,321,286,225;5211,526,,;5212,465,477,;1313,265,267,260;5107,465,532,227;1312,303,266,270;1503,651,692,;1508,571,546,;4201,297,298,251;5109,405,267,240
216010:5202,461,464,245;5214,407,454,250;4201,267,294,260;2601,322,327,253;4301,338,364,233;1312,381,361,235;5208,486,512,260;5203,497,505,263;4407,335,336,250;5401,291,334,260;1310,452,,270;3105,231,282,255;5212,439,493,260;1409,668,630,270;4510,301,297,270;2313,324,387,260;5207,323,,195;0301,390,401,232;2301,307,284,268;4511,300,291,269;1609,,320,;2701,430,445,230;3020,,,248;4404,,410,;5007,182,261,270;4005,,,260;4507,,412,;4506,379,,;0904,291,306,250
216287:4506,560,817,195;1101,979,944,;2701,600,1250,;4510,431,394,;2601,344,252,;1401,690,,
216339:4201,286,304,221;1101,658,676,250;5208,506,510,231;2601,309,376,251;0909,377,382,238;5100,,,205;5214,439,458,236;3105,309,327,255;0907,290,314,250;4301,341,352,241;5122,383,363,270;5006,239,257,215;5203,486,519,236;5201,468,467,250;4510,326,347,239;0901,324,302,215;5210,483,463,258;2615,358,311,257;1313,401,412,252;5138,709,701,260;1312,369,401,243;5007,237,249,255;1419,616,611,250;5123,356,354,260;0904,308,329,240;5005,186,204,234;2301,316,291,216;5102,232,266,250;0301,295,323,205;4407,355,352,260;1405,418,,270;4506,418,501,219;5211,449,443,259;1410,650,686,265;5004,430,427,260;1408,596,566,259;5209,415,426,246;5009,188,188,215;5213,607,697,242;5202,508,,195;3020,308,,205;2602,315,340,251;5207,402,427,209;5401,308,308,250;1500,484,506,273;1907,293,,259;2705,,,222;4511,329,340,219;2401,276,,284;4005,449,410,240;0502,,290,269;1510,,,261;1609,341,345,239;3801,,297,250;5215,,383,225;4502,282,363,250;5001,218,217,260;5003,,211,270;0111,312,,;4507,314,313,;2701,433,452,203;4006,,377,;0501,,275,250;0406,,421,;1612,,297,;1601,261,,;5109,276,383,270;5212,501,546,260
216597:5208,728,736,260;5138,738,731,233;0901,422,451,262;5213,,,270;4506,604,595,265;5203,694,691,259;4510,390,477,256;4201,393,329,215;5214,560,576,267;1419,704,716,260;2601,169,264,270;1408,642,655,270;1407,645,685,270;2401,372,394,251;1409,735,722,260;2701,545,534,250;5215,708,714,270;1101,759,693,260;1410,711,746,270;1609,342,484,270;5202,608,568,270;0301,,438,;5206,707,909,270;5211,692,620,223;2301,376,427,269;4227,312,,263;2602,293,340,270;3801,,,267;4511,391,,;4001,,333,242;5401,,,270;4008,,452,;5212,713,719,
216764:1312,403,408,;5202,453,442,;4201,298,305,;3105,278,334,;5138,683,667,;5208,534,535,;4301,368,383,;5203,562,593,;2401,342,308,;2601,305,402,;1101,580,709,;1310,431,459,;2301,323,335,;2313,359,381,;5131,300,328,;5206,534,509,;4407,344,324,;4510,304,370,;5100,530,576,;5009,368,354,;5122,314,473,;5007,,353,;5401,320,354,;2701,472,498,;4006,,394,;4005,,484,;4507,,390,;5005,,188,;4502,,220,;4511,,293,;5120,,536,;5109,,368,
217156:1107,1301,1537,115;4506,640,633,130;2703,1055,885,100;2601,295,297,130;4509,379,501,120;5401,426,383,135;1401,706,759,150;0501,375,340,120;5122,426,329,118;2301,280,468,130;4227,376,,151;4510,502,531,145;2615,408,311,93;5007,,329,173;5207,662,738,180;2313,,,105;1301,,304,;0301,305,394,;4405,493,,100;2602,,,128;0901,,361,100;4511,195,,;4502,,351,;3000,,280,;4512,232,,140;1612,,473,;4006,,297,;1601,281,318,;0502,,416,
217165:5208,539,608,267;5214,500,534,260;5202,540,545,270;5203,531,580,267;5211,589,580,268;0901,443,490,270;2703,577,630,260;5210,599,516,260;5207,,394,;2601,,,250;4506,,473,;4510,,502,233;1101,661,615,
217402:5208,588,560,270;4201,368,351,270;5202,530,517,270;5214,504,499,270;2601,340,340,270;4506,484,648,260;5107,456,449,270;4510,363,446,270;5203,639,623,270;1310,405,442,270;2301,346,360,228;3020,364,367,270;5401,226,394,270;2701,,538,270;4511,399,405,270;1107,743,682,;2401,450,454,;1609,377,397,
217484:5138,685,663,195;4201,294,314,205;2601,361,367,223;0901,353,361,228;5202,505,504,205;1312,357,377,219;1419,649,639,245;5208,500,550,219;4504,,,190;4510,360,328,196;5214,423,473,210;0909,397,406,222;1101,573,680,198;1907,316,302,250;0109,267,263,196;5203,474,490,225;5006,274,257,195;1909,382,388,236;5102,197,329,205;5401,334,309,205;2301,310,319,250;1609,398,396,238;4506,434,404,213;2604,388,347,250;4405,229,367,230;0306,244,237,238;5131,315,290,194;1408,598,585,242;1405,618,618,262;2613,211,244,205;1407,662,611,268;1410,711,727,215;2701,419,461,221;0904,258,257,269;1409,690,715,261;5007,252,240,;0502,304,367,199;2313,317,237,205;0302,413,449,218;0406,479,421,;1603,517,,198;4502,190,,;0106,325,340,;1435,606,637,;5005,194,242,215;0301,326,340,197;4511,300,367,233;5009,361,368,230;5110,624,573,250;4006,396,286,;1605,644,521,238;1313,289,311,223
217493:5007,209,226,270;5004,381,362,270;5006,196,222,270;0402,393,504,;1909,,419,270
217819:5202,389,407,218;0901,369,365,215;4201,266,277,238;2601,272,268,233;5122,280,315,251;4510,306,310,240;1312,357,337,241;5214,416,430,195;5208,475,529,205;5010,276,278,215;2301,252,270,233;5007,251,252,198;1101,566,652,233;3020,291,225,166;4511,267,322,250;5211,388,429,195;5203,412,435,250;5401,296,286,255;1609,238,244,229;5209,352,390,233;4005,,323,270;2613,235,,250;4506,,419,;4502,210,245,226;3099,,,365;1104,426,,226;2701,,465,;5005,253,218,267;1108,265,,224;5009,,233,;1310,360,338,211;4006,296,318,227;0502,,351,;1605,,335,;3802,,195,
217882:5202,425,443,205;4201,285,277,205;2601,217,257,205;5214,489,465,215;1419,664,667,217;5208,523,483,193;5138,620,579,186;1435,652,686,240;1101,638,691,216;1312,340,344,236;5203,455,459,215;4506,411,386,203;1408,585,589,219;3103,335,298,195;1405,545,615,214;0109,280,258,215;5199,275,275,195;4510,382,391,205;0402,448,423,215;5004,417,422,233;1410,662,671,243;2313,382,395,203;4504,,,196;2602,295,260,218;1407,704,747,205;2701,497,465,225;0101,435,494,215;1515,651,662,226;2605,371,383,239;5401,290,336,205;2301,327,315,210;1409,666,680,262;4005,,361,270;2608,282,,215;4511,289,340,225;0301,318,308,212;0103,268,247,226;0305,431,351,229;1601,287,277,223;1104,667,,252;1414,548,529,205;0909,,,214;1418,632,620,252;1310,361,327,;0406,,438,270;1609,,,246;0111,294,336,205;1313,407,333,215;5007,196,183,;3801,,383,;4006,,,201;5220,629,610,200
218070:0901,362,401,226;4510,361,367,270;5202,476,473,195;2601,144,,208;4201,248,,268;1609,,376,270;5009,,208,205;5401,,,260;2301,,351,;5203,,427,;4506,,573,241;4511,,297,;3802,,340,;5199,236,,215
218663:5208,538,552,233;5122,293,304,215;2601,250,280,215;4227,270,264,215;5214,479,453,233;3105,380,382,215;5202,433,435,225;5138,617,604,234;4301,318,334,205;1101,574,626,233;4510,314,299,215;0909,361,399,230;5213,617,628,225;1419,646,667,228;5211,664,708,252;1312,334,329,245;5209,336,350,215;5203,491,534,253;2401,303,321,195;0901,288,,225;5006,234,203,225;4506,391,394,214;0907,359,377,215;2301,208,272,243;5401,284,311,205;1408,601,603,260;2602,255,,233;5206,522,560,233;0904,302,335,218;0301,343,297,240;1407,654,707,262;5215,,,215;2613,253,314,190;5009,329,337,270;2701,458,432,221;1405,542,463,230;4407,235,232,215;5007,238,252,231;1409,654,637,257;4509,296,383,189;1410,712,719,270;0501,,,195;4502,177,158,180;4005,275,396,233;3801,,256,;4511,302,271,253;4507,317,353,215;1609,,293,226;1313,325,325,219;5003,285,297,;4006,321,351,233;5109,407,333,268;5005,,252,;0502,,237,
218724:3105,243,267,250;5202,361,364,233;5214,373,382,255;0901,270,312,223;4201,254,261,255;2613,247,237,240;1312,336,332,256;2902,323,284,233;5122,273,306,256;2401,259,278,252;2601,264,262,244;5208,425,379,257;4511,282,318,225;1101,442,361,270;5004,198,201,250;5203,424,386,250;5005,178,210,270;4510,300,347,243;2301,227,208,230;5401,255,275,251;2602,181,,270;5209,322,347,233;5007,178,,200;5138,639,658,167;1310,359,340,256;5206,,405,;1104,427,608,203;5009,,247,;1313,,333,;5107,,,219
218964:5202,369,403,270;4201,237,234,236;2601,265,261,269;3105,254,326,270;1312,339,335,270;4407,231,324,253;5005,224,206,270;5007,190,201,270;0901,259,276,270;1907,,,298;4510,262,192,270;2301,267,228,242;4511,226,281,260;1905,233,215,238;5004,371,353,279;5401,198,264,260;1313,302,287,270;5003,227,225,;0301,,329,;0909,328,335,270;5009,,181,270;4005,375,404,257;1310,340,347,267;3099,,,229;5109,,,270
219356:5138,584,579,235;0109,408,414,213;1419,602,613,270;2601,273,297,259;5206,,,205;4201,287,290,250;5120,,,250;1907,306,337,226;1312,351,329,243;1313,370,385,243;3105,396,379,241;0100,437,394,195;0101,414,453,220;1408,583,591,233;0111,502,552,221;0901,,290,255;0306,330,334,203;5401,379,374,261;2401,389,390,202;1101,540,748,215;5110,550,562,265;0909,387,352,245;5004,367,354,270;2701,387,412,183;4511,352,345,233;5202,,438,;1410,727,746,;0102,542,475,220;3103,,338,250;4510,,304,243;5207,338,374,243;5209,320,347,248;1609,290,271,;2301,,304,230;4506,381,427,250;1909,363,297,;0904,,301,;1510,576,568,212
219471:5138,573,577,250;1312,381,387,255;5100,368,347,211;5202,370,383,208;2601,242,260,218;4201,292,306,236;0901,347,334,236;5203,440,406,228;2401,,274,211;5208,445,450,205;4301,351,392,215;5214,368,416,235;5106,575,543,260;4510,285,351,260;1310,397,394,250;5107,,440,;5102,,,220;1313,414,380,255;5005,,247,;4506,,397,203;4502,,192,;5007,274,302,270;1101,,620,;2301,,275,250;5401,,281,250;1609,,275,;3020,,240,
219709:5010,310,315,205;5138,555,550,188;1002,271,257,225;5009,198,194,253;3099,279,310,203;0901,341,297,181;5006,219,252,205;5004,,329,125;4201,288,188,180;3105,190,220,150;5207,300,383,;5201,407,521,236;4407,,326,;2401,396,473,193;0909,371,368,;5202,403,473,;5214,416,372,;1313,326,409,;5203,,564,;2301,279,252,233;5211,,329,
219976:5202,595,582,211;5138,563,531,250;5214,417,329,195;4201,288,310,226;2602,,,246;2601,,240,244;3105,,,205;5203,518,547,237;1419,624,,265;1312,400,394,183;2200,,,233;3000,355,427,;5005,186,,;4407,,304,;1313,362,413,;5401,,215,;5210,340,326,233
220075:5138,517,517,196;4201,228,246,164;5202,338,327,185;3105,250,234,219;2401,263,298,215;1101,502,569,234;2601,236,252,196;4301,276,300,233;0901,252,281,213;5214,328,366,205;1312,339,356,150;5199,254,441,178;4407,292,283,200;5208,343,383,177;5109,393,,209;1003,197,211,223;1500,510,521,270;5203,385,368,163;2301,194,221,170;5401,219,322,205;1907,255,286,195;5009,206,218,230;4006,377,,;5106,481,459,140;4005,430,297,;5004,282,329,183;4510,249,252,215;5007,200,191,220;2313,294,281,;4511,191,220,175;5122,309,326,223;5005,238,,;1310,339,368,;2701,338,297,;4502,,215,
220181:4201,288,,265;5202,366,,261
220862:3105,265,304,249;5138,600,590,240;3099,314,306,270;4201,250,250,249;5202,448,393,222;5208,427,445,236;4301,317,326,259;2601,273,258,224;5214,370,394,211;2301,222,236,218;5203,441,415,233;2401,321,347,290;0901,247,252,230;1107,523,488,225;4407,297,318,313;1312,291,287,268;1310,399,391,219;5007,279,266,288;5212,458,513,276;1405,525,461,253;1419,585,606,262;4510,254,270,205;5009,264,271,205;5401,239,,226;0904,301,292,250;1601,232,272,213;1500,522,610,249;0909,,,213;2701,421,487,205;5005,181,208,190;4005,315,421,193;4511,281,289,257;1408,570,560,278;1409,613,560,230;5211,400,383,210;1410,641,637,;3801,,240,267;4502,267,195,200;5206,384,410,;5209,327,345,265;4006,228,240,;0502,,,280;1313,346,336,216
220978:3099,315,294,208;4201,288,293,199;5202,382,391,175;4901,438,432,205;3105,307,288,196;2601,307,285,200;5009,294,313,201;4301,334,348,220;1312,378,369,200;5010,272,269,215;0901,277,285,228;5208,443,418,213;2401,370,354,230;5138,552,551,257;5214,385,385,179;1107,577,542,212;5203,489,448,195;5212,466,462,215;0904,,,195;4407,315,280,198;5006,,,188;4510,335,317,199;5007,235,325,205;2301,250,304,210;5220,632,665,170;0109,266,236,182;1442,669,,191;1515,596,589,194;5401,313,308,175;2602,268,336,157;1601,265,217,186;1905,307,303,183;5102,284,297,151;5122,284,252,270;3103,296,318,255;5201,,,199;1909,344,275,233;1500,519,477,263;4006,331,450,258;0101,365,354,;2701,397,394,;5004,316,351,;5005,192,218,179;0111,345,253,;4511,259,310,161;3801,,264,;4502,232,222,215;5207,333,297,;4005,,354,;1310,377,354,140;4008,373,447,;4509,270,,;5206,,383,;3020,263,208,189;1313,354,311,
221351:5202,419,487,219;2601,202,212,228;2615,,267,195;4201,231,236,246;4510,239,431,265;1107,358,615,260;2301,227,301,215;4506,,461,195;5401,,297,231;4509,,240,221;1301,,,254;5007,,340,
221519:4506,505,476,233;4201,312,264,171;2601,,,250;4510,382,376,243;5401,,376,215;0301,,258,;3020,,290,195;1609,,159,;2301,270,252,212
221759:5202,540,556,195;3105,270,269,195;2601,222,258,221;5138,520,526,125;5214,416,431,192;5208,476,501,205;5213,532,541,248;1419,672,664,233;4510,289,318,205;0901,351,353,196;0909,359,361,211;2301,248,269,213;2615,,,185;0109,257,270,203;4511,321,348,195;3099,276,264,195;5203,508,458,205;1907,301,288,215;0904,284,335,202;1107,674,654,171;5102,,,164;0402,462,473,310;4407,288,301,228;1408,577,569,210;5401,246,288,158;1407,527,667,213;1405,462,534,222;4502,246,295,269;1601,313,308,206;0306,323,322,250;1402,542,566,250;2701,358,344,250;1410,689,693,216;1435,721,693,215;1423,518,752,225;4506,362,434,208;5009,308,264,233;5210,405,401,202;4005,,277,170;0111,337,236,205;5007,248,245,259;5209,361,390,215;0405,,,260;5206,473,461,238;4006,338,304,250;0305,278,,255;0112,548,379,228;4507,368,405,245;1418,,582,195;4008,276,,235;1310,,264,;1409,686,584,260;3019,166,212,249;3801,,,260;5004,385,388,;5005,198,197,;4201,251,280,218
221838:5202,387,394,280;4201,302,311,260;2601,312,284,270;5199,308,284,288;4301,310,322,270;0901,283,307,293;1312,332,312,260;3105,262,284,280;5107,341,372,250;1107,404,427,175;5109,356,427,;0100,323,313,268;4510,,264,269;2401,346,,293;1410,,610,;4407,348,291,260;1419,596,650,;5203,446,422,265;1508,,473,;1408,,582,;4511,308,,299;5206,,311,;2301,,340,;5009,,297,;5007,,297,;5138,512,587,241
221847:1312,352,349,130;5138,526,519,156;1419,629,664,190;5202,385,379,171;2601,196,242,155;1107,639,597,179;3105,245,244,145;0100,312,383,145;1500,549,603,221;1410,669,703,194;1408,578,532,208;5203,404,397,155;4511,287,284,150;5214,384,374,162;4201,256,264,136;0306,267,322,110;1407,609,596,135;5208,403,370,161;4005,281,282,191;4510,264,257,;5007,203,,135;1409,673,630,;2301,163,201,190;5009,329,252,153;5401,248,240,170;2401,297,283,180;4006,321,372,;1310,,331,;5206,378,,
221999:3099,272,410,120;4506,727,721,120;4501,563,565,123;1107,1017,1024,145;2701,766,803,96;4510,439,438,140;2615,215,252,160;4201,283,313,112;2602,144,167,165;2301,312,309,151;1609,316,416,120;1419,696,698,140;1405,589,707,150;5401,405,340,165;5009,268,256,215;4405,317,573,;4511,,383,;1312,391,431,;4227,,215,;0901,,419,;1407,740,734,;5007,,427,;3801,320,383,;0501,,372,;1408,,649,;0502,,220,
222178:4201,297,282,265;5138,621,585,249;3105,186,,214;5202,417,442,215;5214,425,427,229;5208,,573,224;2601,,,256;1312,347,429,270;5203,,,215;4301,,317,;4407,,,233;5102,,,151;1907,282,308,260;1313,391,447,270;5004,313,208,219;5007,342,,;0909,334,376,;3099,272,,
222831:3099,323,342,212;4201,310,302,223;3105,258,322,187;5138,628,638,202;5202,363,317,198;4407,305,340,264;5100,,,215;2601,256,275,220;4301,328,376,197;0109,341,306,186;5214,348,333,194;1101,380,504,;5203,386,416,200;5401,291,340,209;0901,303,285,209;5208,,,180;2301,,201,;2701,,308,;5007,,281,187;4303,,324,;4511,,313,;0904,319,,
223232:5138,632,642,224;2601,209,273,232;5214,453,477,215;5208,609,594,215;0901,361,383,233;5202,527,599,215;5111,229,285,250;5203,558,560,205;5212,626,653,230;4201,245,247,250;4510,246,335,250;3105,284,267,250;5102,196,310,197;5207,448,521,190;2602,288,,265;0904,376,389,235;3099,231,297,195;1419,639,669,261;2615,189,,270;1312,469,452,223;5201,600,529,150;5206,475,496,225;4509,389,332,224;5401,,359,246;5122,,,225;1313,492,482,270;1907,288,252,200;4511,299,201,259;4502,205,234,270;5007,306,284,260;5009,149,,265;5210,518,531,205;0301,290,317,255;5005,172,206,241;2301,275,308,;3802,,212,256;5004,445,413,258;2701,,,245;4407,,,232;5211,562,491,;2313,,367,175;3000,387,,265;1107,798,710,270;1905,,,255;4005,399,383,270;1609,,,262;5215,511,560,205;0907,180,303,242;1410,677,750,215
224147:5138,623,624,200;3099,418,440,223;2601,276,295,235;4201,253,289,232;3105,311,330,247;5202,388,352,195;5214,399,236,235;5203,404,383,236;4301,347,321,223;0901,289,264,237;5100,328,333,233;0301,310,286,260;1101,680,547,256;1419,601,521,267;5201,399,,269;5208,373,477,198;2301,,246,233;5005,264,201,227;5009,,286,265;5007,250,252,271;4005,,457,;5401,270,356,240;1508,,,285;4510,,,206;4006,,383,
224226:5202,494,468,226;3099,302,267,224;4201,326,276,243;2601,250,201,200;0901,316,381,195;5214,435,459,181;3105,261,211,210;5010,,,228;5208,519,504,205;1312,475,456,223;4301,,340,;5107,,394,;0907,315,340,199;5009,210,272,
224554:3099,408,393,188;4301,307,299,234;2401,324,312,190;5202,408,396,250;1101,555,573,221;3105,314,315,200;1104,346,497,;4201,259,273,232;5203,463,412,178;4407,345,260,192;5009,438,427,247;0109,229,,190;2601,253,201,188;5138,614,642,;2701,475,473,175;5201,437,,208;5208,,249,250;5122,,,199;0100,377,403,192;4511,236,329,230;0306,,,206;5214,,340,;5213,,,245;5401,394,282,;5004,337,326,;2301,301,444,150;5007,,297,;2203,,,229;0904,268,280,
225511:4201,312,330,182;5202,499,508,168;5208,454,500,156;3105,293,305,203;2601,256,232,172;1101,631,615,169;5212,574,590,154;3099,490,487,186;5214,470,436,153;5203,475,491,140;5100,303,312,188;5209,378,385,195;1419,680,712,188;0909,362,384,188;1510,666,661,215;4510,314,377,174;4506,424,408,166;1905,232,263,185;2301,366,362,195;5210,405,402,202;0907,241,256,187;1907,315,359,200;5138,685,689,191;0402,473,490,261;2701,415,488,180;2602,272,286,176;5401,302,333,195;1410,760,746,226;5007,271,348,215;5009,496,493,250;5102,255,265,163;1407,770,555,192;1408,653,655,187;1108,322,363,225;1508,613,537,270;4511,263,388,140;0904,304,301,188;5004,383,434,240;1405,,,120;2401,274,293,182;1503,557,679,229;0901,372,364,232;4005,423,511,125;1409,744,,216;3801,294,297,242;4502,245,346,191;1425,731,674,222;4006,386,408,249;1609,304,405,184;5005,154,165,;1435,727,735,205;4008,,,255;5207,595,340,109;5006,,272,;0301,425,368,;2703,303,,;1104,526,677,;2313,236,201,
226091:3099,353,384,248;5138,682,690,200;4301,383,401,250;2401,298,318,228;5202,439,397,250;1419,711,734,275;5201,349,347,269;3105,336,323,248;0901,262,333,242;4511,337,,264;1407,733,710,195;1101,,488,261;4201,255,329,226;2601,,207,215;1410,825,648,183;5208,,421,198;4407,378,367,310;5203,,473,;1435,,,250;5102,,252,191;1408,,630,;1905,,252,188;5009,,434,208;5214,,383,;5100,,340,214;5212,415,383,270;2701,,383,;5210,,376,;5004,,269,;5007,,329,;5207,,321,262;1907,,351,
227216:3099,447,468,188;4201,291,309,183;2401,347,351,190;1101,656,623,225;2601,293,298,205;3105,308,330,220;4301,334,356,180;0904,319,350,195;0907,246,280,187;5203,473,522,189;5009,334,380,234;5214,434,418,185;5007,272,276,220;5202,487,507,202;5208,491,507,202;2301,306,319,201;5401,325,359,210;5004,384,389,223;4510,316,340,161;5201,432,469,166;1419,569,589,246;5209,376,373,206;5102,295,343,178;5210,442,452,194;4407,297,358,195;5123,278,328,220;5207,434,383,188;5213,534,,178;1410,673,682,250;1907,294,290,185;3020,299,316,190;4511,302,361,178;5005,254,271,233;1508,653,560,240;1104,326,,211;2701,474,462,194;1405,,,227;2613,,,177;3103,330,378,230;4303,426,473,170;2602,359,313,217;1609,236,314,201;4005,383,322,233;4507,,405,183;1510,645,693,260;1409,713,707,226;5215,438,521,150;4502,243,232,205;4506,417,436,210;1418,419,640,240;1601,218,,198;4501,315,392,205;5206,460,515,145;4901,485,564,236;3801,259,361,150;4008,,260,178;5003,239,290,205;5122,,383,;0405,425,469,200;2313,375,378,179;5212,607,587,188
227368:2601,233,273,121;4301,302,283,110;4201,245,270,116;3105,240,276,143;3099,389,412,138;4407,300,280,151;5138,608,613,112;5202,306,282,145;0901,217,275,115;5203,318,345,124;1419,574,521,151;2301,238,323,158;1107,525,427,;1408,482,504,110;5007,181,194,155;5123,236,269,145;4510,242,219,96;5214,252,306,145;5208,388,321,150;5401,217,267,175;4511,283,252,;5211,,,101;5009,476,491,152;1409,560,478,159;5102,195,196,137;1410,652,557,179;4005,316,438,108;2701,444,443,110;5100,,,142;1907,,,197;5005,193,188,110;5212,339,329,;1609,218,208,119;3801,,310,130;0301,275,,;4506,296,291,;5110,483,493,145;4502,,215,96;5003,,269,;4501,,427,175;0502,,,139;1101,488,280,150;2200,264,,
227526:3105,208,258,270;4301,308,317,250;4201,269,233,280;5138,682,729,230;5202,378,383,308;5100,228,313,290;1419,737,698,288;2601,264,303,291;0901,254,249,278;1407,698,700,296;0100,294,266,278;3099,360,383,300;4407,322,344,309;5214,347,333,299;0402,407,397,300;1101,644,630,274;5208,,,325;1410,722,700,250;5203,454,430,274;1510,434,465,310;5212,360,318,;1409,,693,;5009,,297,;4510,,,233;1408,540,534,;2301,,252,;5401,,167,
227757:1101,1228,1295,124;3105,382,351,100;4201,315,301,125;4506,880,729,116;1419,704,682,154;3025,426,,130;2602,,244,75;4510,,502,;1405,,521,;2705,,795,;4405,,555,;2701,,971,;2301,280,461,;1407,788,839,132;4511,,390,;5001,,383,;1408,,720,;5401,,498,;5202,,895,;1609,,457,
227845:4201,260,291,228;0901,349,336,232;5202,433,469,260;2615,,,243;5004,288,271,260;5214,381,401,263;3105,343,264,211;4510,267,340,227;5208,496,509,219;2601,280,246,249;5203,486,534,250;3020,219,282,233;2313,169,297,260;4301,361,282,240;1107,645,,260;0907,332,412,240;0301,289,,260;1313,472,461,260;4407,339,311,245;5005,225,236,260;5211,388,383,236;4304,,318,;5007,,146,;2301,,333,;5401,,318,;5006,,236,;4504,,,255
227863:5138,664,640,223;4201,,,187;2601,193,,173;2401,493,,233;5208,,,312;0901,297,,;5203,,,163;5214,357,,;4510,,,172
227881:4301,340,360,207;5201,399,396,225;4201,280,320,215;0901,333,323,233;5138,671,697,243;2601,322,347,218;5100,283,,213;3105,348,356,227;0109,318,325,198;5208,433,454,238;5107,316,,250;5202,414,368,163;5203,412,456,199;5214,380,415,186;5122,302,,239;5401,343,340,243;1510,614,601,199;2401,389,383,231;1003,233,192,245;2301,320,333,221;5005,234,279,211;5009,419,390,256;4511,285,336,260;5212,451,427,203;3099,446,445,250;4510,271,387,244;5210,406,432,178;4005,341,427,239;1101,534,564,188;5007,219,252,310;0101,464,461,178;5004,,335,290;0102,574,494,;5003,258,235,260;5211,309,413,214;4507,288,311,188;0100,467,441,191;2701,434,463,244;5206,314,297,;1905,,280,;5207,,,260;1609,422,374,;4006,280,412,;1313,314,367,
228246:5208,667,734,194;4506,506,620,186;0909,426,493,195;4201,397,281,233;3105,452,496,226;1107,745,765,256;2601,343,281,205;2701,685,618,200;5214,522,596,190;5203,,587,162;5202,,522,195;2705,,,198;4510,341,529,195;1419,684,730,162;1437,,765,205;4405,261,459,195;0904,,366,173;0901,390,420,;2401,477,431,;1609,434,434,197;5401,358,473,223;5009,,252,158;5007,377,353,;3801,,,205;5006,,297,;2301,,377,195;3020,,427,;4511,,351,;1410,,547,;1408,,737,;5004,,427,;5005,199,215,220;4005,,,228;4502,,,231
228431:3099,396,412,245;3105,308,348,241;5138,620,638,250;5201,397,407,228;4407,331,342,244;4201,273,289,233;5009,392,431,260;5102,362,363,195;5007,184,268,215;5214,413,362,223;2601,284,,195;5203,395,351,226;5100,319,306,260;0901,298,311,233;1101,413,524,240;5208,390,502,219;5202,361,416,223;4301,320,379,228;5005,270,247,241;0305,370,399,216;5401,339,351,250;2301,314,372,210;4510,,361,204;5209,290,360,233;2313,263,201,204;0306,396,400,265;2701,,509,;5003,,,288;0301,464,394,243;4511,291,304,260;5211,361,351,;1601,275,427,195;5123,345,347,205;1905,344,383,243;0109,308,282,203;5206,,473,;0405,438,394,218;1907,364,347,
228459:4201,285,301,210;3105,313,341,221;5202,393,420,185;0909,361,362,195;4301,329,342,170;5214,430,468,200;1107,588,723,228;0907,308,272,210;5208,452,456,213;2601,326,335,228;3099,441,443,216;5203,462,452,219;2301,303,283,198;2401,319,427,227;5005,284,240,195;1510,661,677,220;4510,324,302,202;4407,329,360,210;5004,391,398,230;0901,308,321,215;1410,628,689,250;5009,406,424,233;5007,254,256,247;5138,618,602,215;5401,333,297,215;1101,495,587,200;5107,377,397,244;1907,282,318,210;4502,265,255,233;1905,309,351,225;0301,372,333,232;5109,517,527,250;4511,299,315,214;0109,338,276,209;2605,322,390,231;1500,508,438,205;1609,339,345,218;2313,372,363,200;3103,308,364,215;2607,251,221,250;4507,405,367,201;0904,254,197,169;1436,555,573,198;5003,341,427,205;5102,175,297,185;0100,424,377,215;3020,277,286,215;5206,445,467,200;1435,625,656,245;5122,321,315,234;2602,344,405,224;2701,465,442,233;4404,395,306,241;4008,,383,195;2703,316,461,244;5110,529,599,220;4005,,573,270;5006,211,293,252;0101,293,340,196;3801,,340,245;4509,319,,178;0403,368,329,208;4506,352,367,185;0302,366,368,
228529:3099,409,393,178;5201,462,521,181;4301,384,367,188;3105,346,371,192;4201,308,304,191;5138,625,630,233;0109,251,321,208;5202,385,399,200;5203,407,449,195;0901,309,297,210;2601,257,397,272;2401,247,336,208;0306,,286,;4407,342,357,220;0101,381,389,195;5214,399,397,190;5210,455,416,173;5110,555,596,165;1101,440,418,205;5009,291,427,262;1508,551,568,200;2301,,340,215;5401,386,215,233;1107,492,,;5208,,,178;5007,253,354,186;4006,,427,;4510,351,,;0302,307,333,199;2607,252,215,185
228723:2601,260,236,172;3099,435,445,183;4201,275,296,178;0101,470,451,165;5202,574,557,180;3105,329,364,187;1419,710,737,194;0901,389,401,158;1107,764,,204;0109,321,351,176;5100,301,,158;5208,619,591,167;4506,479,498,171;0301,352,395,195;1410,713,771,210;1510,687,698,190;5203,,621,168;1435,672,676,187;4510,344,358,176;5122,,,165;1407,761,807,180;5138,646,637,184;1408,654,661,195;5214,456,498,195;1409,728,750,218;1402,662,660,220;4511,311,344,174;3019,379,,193;1405,682,689,190;3020,337,372,173;2301,320,310,189;5401,305,349,168;2613,248,272,216;5209,332,,158;5210,463,400,161;5212,691,,195;1503,668,630,249;0907,344,,163;2703,476,525,160;1425,844,921,190;0402,384,473,178;1110,487,496,189;1108,315,405,197;1423,706,630,185;4903,698,861,234;4507,478,416,165;0106,354,412,167;4005,425,440,185;2602,293,326,175;0111,425,,172;2608,,290,162;4008,397,,195;2607,232,297,167;4006,441,405,187;4502,222,236,206;2701,408,495,153;3801,293,297,174;1609,368,440,140;0100,511,454,174;4304,,427,;5106,605,580,150;0403,370,376,177;0406,478,502,237;0303,297,285,241;2605,,394,;0305,,,178;0302,220,340,217;5001,,,213;1601,386,,195;0102,548,615,;0112,351,326,;1101,746,770,;1104,687,744,;1500,613,635,;1905,241,287,;5201,639,765,
228769:5138,720,725,174;5202,425,416,184;2601,255,302,161;5208,479,458,185;5214,412,406,176;4407,303,335,180;4201,272,293,177;2401,384,376,211;1104,558,571,178;1107,719,699,179;0901,,,158;3105,301,343,169;1301,,,133;4301,349,370,168;5122,,,193;5007,304,297,227;5203,498,491,187;1419,638,648,230;1409,720,712,191;1408,642,625,196;0402,425,438,235;2301,368,344,197;5009,412,408,227;5401,366,394,220;2701,426,489,147;4510,293,343,192;5212,471,432,190;1405,447,,245;1410,663,665,233;1402,633,557,251;5206,452,,149;5211,439,390,188;1601,,252,191;2605,330,340,208;4008,391,547,230;4506,440,509,188;1435,582,672,184;2602,283,264,198;4511,333,354,230;1609,318,320,156;5005,203,149,188;4005,432,,;3020,,,195;4006,432,431,250;4502,214,,194;3099,467,466,174;0904,259,351,;0907,293,349,182;0909,367,383,194;2313,369,433,129
228778:2601,299,303,204;0909,449,437,204;4201,318,292,188;1101,891,796,205;5208,695,707,205;2701,509,536,195;4506,502,542,195;2602,299,386,186;1410,820,806,205;4510,376,390,195;5122,310,345,205;3105,335,352,207;0907,299,325,215;1419,732,720,185;2615,313,329,233;2401,410,383,186;0901,460,,195;5212,753,757,188;5202,631,600,205;3020,354,405,178;5203,517,592,195;3099,450,455,203;1907,300,324,215;2301,307,355,205;5214,571,530,196;0904,340,380,173;1408,650,628,199;1407,773,828,197;4511,332,368,215;1405,693,688,211;5001,322,214,213;5138,652,646,194;4005,408,396,178;5401,333,286,186;5007,296,281,219;5102,249,293,205;1402,659,640,221;4008,425,454,195;3033,,,178;1425,873,887,172;5005,246,451,257;4407,340,275,191;0402,518,546,210;5009,465,,246;0501,295,302,208;4502,285,270,198;3801,332,368,195;1601,272,252,217;2313,390,377,213;5004,531,552,180;4006,486,473,170;4507,391,395,215;1909,387,436,217;1609,362,349,189;0502,326,335,244;4002,428,368,;1603,,394,219;5110,608,,;1905,304,333,199;5003,177,269,;5109,,,250;3802,,372,;1104,549,,;5120,1043,,;5201,693,765,
228796:5138,588,627,187;2601,217,226,179;4301,284,281,188;4201,242,236,179;1419,547,589,164;3105,235,252,199;1101,606,606,199;5203,314,366,175;5202,333,319,167;5208,342,337,159;5214,303,366,150;0909,245,249,202;1408,555,516,163;0907,209,264,208;4510,249,240,207;1410,587,668,178;5007,227,193,185;1435,530,488,161;2301,285,286,218;2602,247,244,169;2701,475,481,181;4407,224,289,162;5401,283,288,225;5122,264,244,230;5009,487,478,149;2605,,329,189;4304,,313,241;5110,472,479,210;1601,110,240,165;5206,352,372,;4511,,,223;5010,,215,240;5201,297,308,;0301,148,,;1609,310,244,238;5212,348,312,190;4006,321,286,;4502,,190,;3099,417,367,209
228875:5208,663,610,190;5138,642,667,250;0909,394,469,237;5214,567,582,195;0901,425,432,215;5203,688,584,178;4506,551,553,195;4201,344,283,214;4510,469,418,221;2601,250,,209;5202,636,710,243;5215,599,630,250;4301,386,440,205;5004,467,470,;2401,,284,205;5207,,,233;1312,486,454,223;0907,288,325,220;1313,505,469,250;1401,632,693,229;0904,382,383,;5102,,231,;4407,,416,225;5009,,,235;4227,,,215;1101,,687,;2701,,446,;5005,194,169,270;5401,,473,;1609,,372,;4511,,282,232;2301,372,372,;5003,227,274,;5007,,308,;5213,598,521,;4006,,416,
229018:4201,353,395,175;5202,463,473,214;3099,365,444,119;5138,,543,;3105,,438,;1419,566,697,143;5214,,421,;2601,,416,;0901,384,521,175;5203,,539,;1101,,564,;1907,,236,;1425,888,875,;4511,,410,;4504,,412,;2301,,427,;5401,,372,;4006,,422,
229027:4201,278,288,195;3105,259,333,219;1110,505,579,215;5202,394,390,187;2601,278,265,210;0901,334,351,217;5214,356,373,205;1101,672,603,209;4301,310,341,195;5122,304,312,240;5203,434,453,198;1419,567,595,260;5208,436,499,198;2401,291,336,222;4511,329,328,229;2301,288,281,214;1410,655,627,249;1408,606,608,254;5212,517,562,215;0301,335,340,219;5007,236,224,246;5401,297,302,214;0402,336,348,220;2200,,,186;4510,286,328,197;5100,305,276,205;1409,567,689,263;2701,389,399,226;5215,303,484,191;5009,330,437,237;5206,314,416,182;2602,309,,193;1405,484,,242;1601,,188,270;2605,249,,210;5213,519,547,226;4404,311,367,200;4502,248,225,186;4509,375,,215;4005,331,401,200;0405,343,399,297;4507,,,168;4006,405,326,185;3801,,,183;4008,,,250;0502,,,226;1609,,,208;5201,408,354,;3099,413,451,215;5207,304,326,;5209,319,332,222;5210,429,401,227
229063:2601,290,252,279;5202,350,383,280;2401,313,333,312;4301,297,365,311;4201,250,297,340;5107,307,334,310;0907,261,220,297;5100,281,220,290;4407,324,304,295;3105,297,360,245;5208,320,313,268;4510,,,308;5203,355,351,247;5214,382,368,288;0904,274,,310;3099,504,496,295;1101,,372,270;1408,492,,;0901,219,,290;4005,232,326,;4901,,351,;5009,445,,;5212,464,,;5109,422,313,;5110,405,509,;1503,,449,
229115:5202,495,494,198;5214,474,509,205;4201,291,324,215;0909,385,374,203;5208,526,548,210;1101,692,736,195;1419,706,696,250;2401,343,355,242;5203,476,519,205;2601,249,281,215;0901,350,405,216;0109,294,347,200;3099,441,429,188;1907,328,344,213;0907,285,305,233;4510,325,348,215;0402,307,350,200;0101,386,463,158;1407,752,693,272;4511,299,334,222;1408,630,640,260;3105,313,345,223;5401,329,404,212;2605,216,340,212;2701,438,436,280;1410,740,735,260;4506,439,450,270;0301,336,293,229;5009,432,442,270;2301,279,348,200;2602,240,405,227;5209,456,467,215;1435,629,668,285;5007,313,293,270;1425,892,833,249;0904,320,323,220;1409,697,740,243;5131,,,205;4407,309,407,258;3019,354,,215;5004,,361,;1609,289,308,198;4005,,277,275;5005,222,383,233;4008,,,215;4502,273,,260;0406,,473,270;1414,,,195;5201,618,664,;4006,393,372,253;3020,370,,215;4507,342,,;2313,384,334,205;0100,408,419,250;0106,410,,188;1104,597,642,249
229179:5138,643,659,183;2401,357,400,226;4201,287,226,195;3105,307,310,191;1907,280,319,208;5202,392,424,214;5100,352,357,212;2601,319,267,203;3019,274,310,215;5106,584,591,140;4407,335,326,211;4511,347,403,203;5214,357,347,154;1101,615,521,;5208,435,484,242;5102,240,304,169;2301,254,390,232;4510,,,267;5210,403,431,245;5007,261,318,236;4301,365,368,235;5003,295,419,213;5009,,,221;5203,421,473,225;2602,198,,;5401,360,383,;1905,361,361,141;2701,450,452,157;5004,,335,;2203,257,427,;3099,450,463,205
229814:2401,365,363,200;3099,380,399,195;5138,603,651,188;5100,288,275,178;5202,426,364,176;5208,382,326,183;0111,,484,;2601,295,321,200;5201,437,434,178;3105,336,359,195;4407,292,352,225;5214,358,368,201;4301,365,306,214;0101,402,419,162;4201,268,290,184;1419,653,584,196;5212,514,445,257;5203,402,438,150;5005,224,297,193;5009,424,419,225;0105,224,274,195;0100,,444,130;0901,,215,;0907,298,267,168;2607,,,198;5102,,266,;1107,680,757,;2301,239,311,210;5004,,183,;1500,,484,;0909,331,323,183;0109,250,354,
230038:1907,213,209,105;5203,606,655,91;1110,692,,74;5208,688,676,116;4201,245,239,110;0909,410,443,120;1312,361,297,134;1313,399,381,100;1419,632,678,105;4506,574,544,110;5122,289,271,103;1107,827,838,120;3105,244,221,90;5138,506,488,78;2301,216,287,105;2705,577,648,103;1609,353,399,125;2613,306,236,104;4510,410,400,106;2615,213,252,123;5202,636,583,110;1409,743,876,110;2605,313,215,111;5214,564,620,110;0901,,,197;5102,252,171,114;4511,408,344,140;2602,342,278,116;5401,299,327,118;1408,603,582,85;5004,399,288,121;1407,672,765,147;0904,330,297,150;5220,677,650,124;0501,304,306,112;1601,291,282,117;5007,250,222,135;5009,178,215,109;5006,320,275,119;1310,380,326,;4008,407,527,;5210,530,579,;5206,635,705,;5131,,172,;1101,718,765,135;5207,518,427,;2701,,521,;5005,206,215,223;2401,241,252,;1003,404,547,;4507,399,377,112;4509,420,394,;1436,659,655,110;1410,667,714,125;1603,,392,;3019,,172,;5110,549,507,;2607,311,222,;5003,149,80,;0106,474,412,;3801,,274,;5213,,650,;4006,,240,;5109,222,264,150;5123,281,290,
230603:5138,518,531,110;2401,259,252,142;4201,240,244,93;2601,253,261,131;0901,288,343,125;5203,396,416,106;3105,225,,135;5202,378,427,;1313,349,384,145;1312,401,373,135;1905,174,201,110;4301,337,370,167;5214,,416,;5208,485,394,;5005,176,215,190;4506,,480,;0100,349,329,;1500,,513,;2301,,220,;5401,,267,;5007,220,183,;1107,,521,;1101,,473,;5004,,340,;4511,,264,;5209,313,324,;3099,349,,
230728:4506,496,521,132;5102,295,279,126;1312,408,375,158;4201,267,315,180;3099,322,264,188;1313,316,327,148;1419,627,617,131;1101,659,693,165;1907,222,191,165;5208,542,504,97;5202,450,498,140;2601,305,304,161;5203,447,470,110;5214,460,483,138;1515,,,138;2301,301,297,170;1310,429,389,113;4511,300,259,157;0109,274,252,155;0901,,,140;4407,288,267,155;0904,358,367,169;5007,299,297,171;2401,303,249,180;4901,352,354,250;5138,,,147;1408,552,547,155;0306,330,297,191;4510,325,340,182;1410,659,635,139;1909,,,161;2602,267,404,;5401,336,304,205;0101,428,438,110;0111,,376,;4502,225,286,175;0501,278,197,130;2705,465,,;0301,361,,195;1609,325,308,150;5005,201,201,163;0909,341,340,;2701,,449,;1409,645,710,;5122,672,383,;5211,475,448,149;0103,,399,;5009,136,240,116;4008,,264,;1905,233,267,91;0406,455,477,;1104,540,603,135;2313,311,345,;2607,274,308,;5004,433,376,
230737:4201,293,305,160;5202,534,522,154;4901,599,506,215;5208,517,536,109;5214,484,475,119;5203,492,468,155;1907,,,133;1312,382,362,96;5004,346,325,125;2601,291,376,170;0901,392,388,139;3105,273,351,130;1313,394,381,143;5138,559,549,130;4302,533,501,153;2301,311,281,154;4301,417,457,196;5122,298,297,144;1107,748,774,231;2401,409,340,188;4510,334,347,220;1104,629,650,171;4407,292,335,172;5209,360,383,236;1409,787,739,134;1515,616,,109;5210,,,100;3801,259,,;5005,210,297,155;5106,,394,;3099,,340,178;5003,146,201,;1609,,450,;5401,335,311,;1108,358,388,
230764:4227,,,178;0901,384,394,175;3105,294,356,177;1107,782,743,190;5138,589,580,185;2601,287,286,198;5202,492,502,202;4506,457,434,158;1419,639,623,213;5208,553,645,184;4510,371,333,181;4407,359,332,139;4501,391,290,215;1108,,,228;4511,352,299,145;5006,291,236,230;5214,467,465,208;5203,529,501,206;3020,345,383,243;1104,583,624,239;2301,328,270,174;3033,,,178;5007,386,336,225;1405,605,540,195;2701,461,480,219;1407,672,659,190;4005,367,351,159;4502,288,267,235;1408,598,577,188;5401,389,296,183;1410,660,668,202;1312,439,407,234;5009,217,347,155;5003,202,192,153;4008,419,484,;5005,248,,196;5102,,240,;0502,347,,;0301,298,252,;5004,527,,;1409,713,,190;2313,373,,;4006,349,,;5110,598,509,211;5122,352,351,147;4507,381,340,139;5207,402,,;1418,421,,;1601,294,267,203;1609,431,267,;5109,,,250;1907,307,270,140;0402,378,,;4201,308,301,178;4512,381,,
230782:5138,537,544,140;5109,521,518,125;1107,617,693,185;4301,391,398,181;0901,356,345,167;5110,570,584,208;4407,325,297,178;5202,520,527,254;5107,429,398,247;4201,303,265,192;1312,409,368,179;5203,474,473,153;2607,282,266,185;1907,243,226,159;1313,407,380,278;5122,291,340,140;2605,306,416,190;3105,335,281,141;2313,285,343,210;5212,561,615,150;5004,388,351,205;2401,412,320,214;5106,368,356,180;5214,439,413,101;1508,664,617,123;5111,328,286,;5401,274,388,130;1609,368,340,125;5208,496,521,;1410,668,,181;2301,286,372,90;5005,,190,;5210,426,509,215;5220,685,,159;5007,,326,;1101,629,596,;1310,422,404,;4511,,277,;4502,215,311,290
230959:4506,697,755,195;0301,226,422,130;1107,747,587,135;4509,433,560,;2615,397,361,119;4510,511,410,183;2601,,,136;2602,269,,134;5401,343,,230;0501,369,441,116;1609,407,383,;4507,,334,;5007,190,296,;4511,290,410,;4201,348,427,173
231174:5202,459,478,200;0301,246,273,205;4201,313,318,205;2601,322,358,228;5138,628,619,250;4510,374,358,210;1107,470,566,207;1419,576,558,229;4506,365,379,234;1312,341,331,205;0109,270,277,233;2301,265,265,215;2602,,396,195;2615,308,345,197;0909,353,379,211;2701,306,488,190;1313,335,342,197;3105,306,345,215;3019,342,365,195;5100,,,270;2607,220,231,223;5401,301,313,202;4407,344,270,193;4511,388,297,226;3020,279,336,205;5207,312,329,205;1408,514,498,215;2605,379,,249;5131,322,406,190;4502,241,270,193;5102,233,275,233;5007,218,261,209;1414,535,480,195;1410,666,723,244;1907,323,340,193;5006,,231,;5110,580,578,264;0111,237,220,;4507,,,160;5109,404,473,270;1601,,,216
231624:5202,670,656,195;2601,,214,150;4201,260,316,179;4510,436,441,195;4506,550,531,195;3105,274,286,205;3099,374,256,180;5401,264,297,150;1107,712,712,198;2701,653,521,200;4509,436,454,205;2301,304,364,193;2615,294,220,173;4005,276,383,180;4405,376,392,220;0501,345,297,130;4008,,,210;3801,,340,183;4511,356,361,140;1609,317,416,205;4006,,340,;4502,,,191;5009,,252,
231712:5202,479,443,233;4201,278,311,233;2601,279,287,260;0901,344,367,233;4510,379,333,228;4511,376,337,250;1107,602,599,218;5401,236,310,260;3099,301,267,232;5001,200,225,250;2301,245,294,266;4506,397,410,228;1104,485,566,250;2701,,497,;4005,393,297,265;4407,317,,249;1601,268,317,;3801,217,,;1409,,645,
232186:1101,693,681,210;4201,323,325,176;5213,574,634,173;4301,407,431,178;2401,346,348,195;2601,298,349,191;5138,640,644,130;4510,430,420,204;5203,568,590,200;5122,321,342,205;4509,394,389,201;5202,493,480,194;4303,,,215;5208,529,581,200;5214,468,448,184;5001,268,380,211;2301,283,369,188;5199,409,416,215;3105,342,372,217;1408,649,643,208;4506,555,519,190;1419,620,,241;5401,230,335,188;2615,316,290,197;4407,337,308,193;1410,702,668,250;2701,465,492,248;1003,265,340,230;3033,337,351,247;5209,423,427,205;0301,341,376,225;1405,463,693,236;5006,247,261,232;5009,278,354,219;1313,384,400,217;4005,346,329,205;4404,394,488,188;1907,,,250;5005,259,220,270;1409,803,693,255;4304,,,233;1601,418,394,195;4502,235,,229;1107,715,783,;4008,,383,;2313,391,397,200;4507,462,361,205;4511,351,365,167;5003,204,,270;4006,396,390,;5007,,246,;5109,401,,280
232265:5202,478,394,260;4201,237,311,258;0904,349,282,260;3105,263,252,260;2601,228,282,270;2401,267,,260;4301,,297,270;5100,,,270;5214,,340,205;5138,,619,250;4510,,370,260;2301,,286,;5203,,405,
232423:0901,396,394,205;5138,650,640,194;4201,284,303,215;3105,338,364,195;2401,329,309,210;5214,497,518,195;2601,276,288,206;1104,700,723,195;5208,655,674,195;5202,492,506,190;5209,438,445,199;5007,331,354,221;4510,360,399,193;1101,735,727,195;5203,612,561,225;4506,533,493,170;4509,384,377,181;5102,169,267,195;5009,325,326,210;1401,641,579,248;4507,406,388,195;4407,311,307,180;5005,225,212,190;5401,294,340,200;5107,454,443,195;2301,289,275,210;4404,359,403,183;2313,347,383,219;2701,523,480,205;1601,368,408,189;4005,287,,238;4511,262,333,179;4008,,473,;4502,321,288,205;1905,,302,164;4006,,347,215;5206,,645,;5211,457,560,163
232557:5202,435,433,250;3099,387,392,208;4201,291,277,280;3802,357,353,313;4301,409,410,250;4901,498,469,224;1312,253,247,257;5138,637,629,260;5401,284,238,215;4407,313,,270;1101,527,682,268;0901,330,301,215;5203,455,474,270;5004,325,315,250;3105,279,262,234;4510,386,361,270;2200,,,250;2601,227,269,215;1310,337,264,270;2203,323,366,306;5009,248,272,270;5107,,,292;5212,596,511,272;5122,257,271,260;1419,,,270;4509,432,405,218;5006,202,,225;0907,324,,207;2401,387,388,235;1907,246,221,233;1909,252,207,225;3000,249,,243;5109,,262,270;2607,,,244;3020,,,203;2301,248,327,250;1410,604,720,269;2701,400,459,270;4501,,324,251;1110,,383,;1409,,636,;1301,,,401;1435,601,,;5201,446,577,;5007,319,,
232566:5202,,454,231;0901,,346,260;4201,,273,238;5138,,594,268;4301,,343,210;2401,,411,248;3105,,367,270;4511,,277,232;5401,,278,268;2601,,300,258;4407,,297,250;4510,,326,;5001,,286,270;2301,,310,253;5102,,,195;5123,,329,258;5004,,,248
232982:4201,302,301,230;5138,619,611,180;3099,368,371,250;4504,338,324,238;2313,325,316,250;2601,281,273,250;1313,301,312,245;5202,408,400,252;5199,413,427,250;1419,648,627,250;1101,591,615,239;5212,459,412,250;1110,,,240;4511,305,311,250;5214,378,419,246;5208,430,414,238;5106,596,578,180;5203,505,436,250;3105,295,,255;3103,331,288,248;5007,239,287,288;4510,312,383,215;5102,201,220,250;1408,593,630,234;2301,270,351,260;1410,647,661,250;5401,265,357,230;2701,433,457,225;4509,275,308,212;5110,505,530,233;1409,631,722,230;1601,262,372,;2602,,,210;4507,307,383,;5206,388,576,;5009,236,311,255;5005,244,197,250;4006,,351,
233277:5138,589,574,190;3099,353,371,233;4201,284,288,250;5202,426,373,225;4301,345,354,223;1313,323,285,250;5214,412,416,250;2601,288,291,228;0901,345,345,250;0904,246,271,260;1107,585,615,246;4407,308,305,250;5007,240,242,250;5109,478,465,225;5208,397,509,249;5203,468,450,233;4510,255,388,224;5004,331,333,270;2301,,267,207;5005,,222,240;5102,,201,203;5401,254,278,205;5009,290,201,263;4005,345,376,225;5199,404,297,288;4511,309,264,;1104,453,480,;4501,,286,190;4506,365,410,256;5003,,211,;4507,381,406,250;2701,386,383,;5107,422,,261;5122,,,173
233921:5213,676,707,215;1101,824,887,205;1419,686,702,225;5208,598,617,215;1905,239,281,240;2601,223,264,202;4201,262,290,215;0901,366,416,205;5214,496,518,225;1907,288,295,205;4511,356,340,226;2615,199,,223;1408,638,625,250;1402,662,650,258;1435,709,706,226;4510,385,403,235;1409,751,785,259;5202,496,505,220;0109,278,275,223;5203,606,626,185;4509,390,389,213;5215,,,265;2602,317,347,240;1410,732,709,236;5220,690,680,270;0305,385,383,207;2301,254,340,216;4506,432,482,221;0306,215,219,214;2701,520,463,224;1407,728,733,249;5004,494,482,239;1601,335,313,225;1418,609,618,270;0301,405,397,268;5007,321,304,260;5209,473,465,245;4008,,383,262;5401,346,336,205;0111,331,363,190;4507,333,367,195;2705,407,427,155;3801,,340,;4005,383,340,229;0101,432,427,230;4006,256,304,;1515,622,630,238;2605,309,383,248;5005,,220,252;5009,,,270;4405,,436,155;0100,,304,;0406,,496,;0402,532,520,290;2703,764,,200
234030:4201,297,309,212;2601,247,259,205;1313,299,307,250;5004,295,299,243;4301,343,353,213;5201,439,447,213;3099,305,327,225;5138,603,619,216;4510,321,326,200;0901,320,333,215;1104,534,537,215;5214,407,387,205;1101,680,717,199;2301,242,250,199;4005,317,328,205;4399,417,416,200;4407,322,275,220;5006,197,230,241;1419,623,636,222;5208,,573,;4304,,357,246;2701,394,412,258;4511,293,326,235;0301,274,291,215;5007,218,222,215;1405,434,412,223;5203,523,473,235;1407,671,560,270;5005,221,231,205;5401,281,307,213;5110,545,550,198;0501,311,288,226;5109,567,595,220;5009,230,201,270;1410,709,693,226;3801,170,,205;5206,402,462,180;4512,326,334,223;0502,252,272,260;4502,211,236,140;1409,702,765,236;4008,455,,221;5215,,484,;5003,192,240,270;5106,621,661,223;1601,255,290,216;3802,233,229,
234076:4506,622,624,184;5213,,,183;2601,235,277,191;4201,299,370,193;1101,836,921,165;4509,454,437,195;2301,326,321,150;5401,389,406,183;5138,659,632,153;1405,,550,184;4510,451,484,160;1609,359,329,145;4005,287,329,190;3105,,340,230;4511,299,352,192;1419,668,676,190;2701,544,490,175;0301,266,340,140;0402,459,456,208;5007,249,403,195;4502,289,,125;1907,273,,195;1409,847,901,169;3099,420,540,257;1408,702,687,144;1402,685,746,140;4008,,523,;1407,699,726,177;3802,246,286,150;1410,710,746,;3801,,340,;0502,340,308,141;5009,,,181;5102,,,170;0403,,553,;5005,,188,;1401,544,513,;0901,381,465,205;2705,572,610,163;0501,226,444,220;3020,440,,164;3025,317,340,156;5201,766,824,
234155:4301,307,288,284;4201,237,260,260;1313,272,240,275;5202,316,324,263;0901,213,256,270;4511,317,,300;2601,299,281,260;4407,299,333,283;5214,343,,260;4510,244,,270;2401,405,374,270;1508,,,270;5212,392,427,;0100,261,,255;3099,,,310;5001,,220,;5203,496,280,260;5209,312,236,;1503,,318,;2701,412,412,;1436,536,,;1101,590,,246
234827:5202,444,417,185;1312,477,437,202;4201,302,327,188;1313,447,431,221;4301,393,392,195;4901,394,473,200;5203,478,470,165;3105,266,340,130;4511,346,363,220;4501,364,406,186;1107,631,529,194;2313,265,,200;5009,316,257,260;1101,471,466,201;5220,735,712,241;2601,289,268,212;4502,237,236,205;5006,266,290,221;5122,312,364,203;4510,370,390,144;5005,225,233,245;0901,351,336,211;0909,394,374,203;1508,596,570,222;4507,328,366,;5007,,252,240;5401,243,,223;4006,368,416,;5109,687,705,;1907,253,,205;1909,378,360,172;1609,,461,;2301,245,260,;4008,,416,;0907,263,,213;1503,,725,;4506,380,394,147;5213,,442,;4005,352,372,197;0301,305,297,211;3103,293,374,229;1310,471,471,;3019,308,353,203
234915:5202,797,509,232;1301,456,432,
235097:1313,398,412,203;4201,317,293,165;2601,296,311,178;5202,398,419,190;3000,357,327,195;5203,499,437,162;1101,594,570,215;0901,320,330,205;5214,353,401,215;4504,317,353,175;4227,286,259,191;5208,409,417,153;1108,259,312,203;1312,414,324,190;4407,339,319,158;1419,568,558,218;1907,300,264,179;1500,,,220;5106,634,627,236;1410,627,633,251;2301,219,232,158;5102,,278,;4510,266,345,155;4511,326,304,;4005,,427,;5107,338,351,;5007,,156,174;5401,,275,205;0301,322,,;1508,,521,;5009,,220,;5212,417,417,158;3103,326,297,201;5006,171,238,;0904,,201,;1310,415,427,230;4006,433,345,;4506,392,326,188;1609,336,240,188;4507,,427,;5123,408,,227;4509,288,291,
235167:2401,241,236,185
235316:5201,501,525,225;4201,269,326,270;2601,262,240,260;5138,706,719,270;5203,595,603,248;1419,600,619,230;4510,342,340,215;1107,715,674,270;4504,344,368,215;4511,263,310,251;0901,294,,219;1408,633,623,250;0909,406,466,260;4506,364,461,221;1609,,416,270;5401,398,281,260;1410,642,693,;2602,304,,;4509,,277,;0904,334,274,270;2301,,346,270;2701,,461,;1310,500,456,270;0301,294,,242
236230:5138,697,689,270;5202,411,466,208;3105,272,320,250;2601,279,286,225;4201,282,371,220;1312,515,451,195;0901,336,344,226;5401,295,297,;4510,,367,205;4005,399,340,229;5007,242,252,210;1609,210,340,;2313,247,297,;4006,,368,;4511,316,354,208;5009,297,240,265;1313,506,446,297;2301,,335,;4407,,326,218;5005,,,241;2701,416,434,195;3099,212,275,205;4502,,222,;1101,671,693,235
236328:5202,464,418,260;4510,281,308,228;4201,287,323,270;0901,350,340,270;1107,577,416,250;4506,490,416,255;3105,324,240,216;2601,254,286,243;5401,245,220,200;1603,,,270;2604,288,376,;2602,,383,;2701,383,,220;4509,298,282,258;0301,240,,246;0502,,,212;1609,347,300,270;5007,267,267,260;2301,198,318,270;5009,297,201,270;3801,,286,;2313,,,270;3802,164,234,;5005,268,,;3099,326,,;0501,346,201,270;2615,174,,
236452:5202,387,380,235;4201,345,308,218;5138,735,660,;1312,476,441,;1419,580,580,270;1408,625,606,235;4301,360,313,;4510,,261,;2601,278,281,225;5203,,471,;4407,387,409,;1107,490,,
236577:5138,712,715,270;4201,338,291,257;5201,446,499,215;5004,387,438,250;0901,382,383,251;1107,844,,189;4511,210,264,257;1419,,,269;4506,398,383,260;4510,346,244,268;2301,286,286,250;3019,,,260;1301,499,473,250;5203,586,560,;5401,,297,;5009,307,252,;1401,566,,270;1312,446,,;1905,340,333,
236595:5138,722,695,236;4201,353,347,195;5208,510,582,230;1107,821,838,215;5214,427,476,205;2601,292,297,224;1419,637,590,221;5202,441,521,220;5203,609,620,228;4304,,,223;5213,,,234;2401,364,266,230;0301,304,252,195;0901,420,351,195;4510,395,308,195;0907,414,,175;1408,,,198;5004,206,394,231;4301,347,368,197;4407,359,333,;3105,297,363,153;3020,318,351,205;5109,860,869,247;5006,319,277,238;5206,506,637,;2313,233,264,230;1410,716,715,205;2701,,297,223;4506,540,573,;2604,352,,;5211,497,509,;5007,,267,;1609,,240,233;4511,333,,;5401,,240,;2301,,310,195;0909,334,358,
236939:4201,308,332,195;5138,719,698,135;0909,395,,191;1419,642,650,188;2601,293,303,186;5214,464,542,195;4501,375,393,216;5208,503,510,195;5202,515,461,194;5209,389,442,232;5203,502,497,215;1312,485,440,208;1107,731,688,200;1907,346,326,230;0907,300,355,194;5212,539,590,222;1410,695,729,185;3105,331,338,205;0109,253,291,180;2301,298,262,188;4006,280,273,204;1408,655,634,208;2401,361,326,204;4510,315,338,212;0904,320,,206;5401,321,335,223;1909,387,329,195;1510,,,270;2607,240,269,176;4511,294,270,215;4506,487,480,250;2615,280,282,165;1409,807,752,199;2703,461,459,161;5207,,521,;1405,432,427,;4502,242,206,170;5004,427,444,246;0103,416,,174;5211,476,484,168;2605,299,357,213;5102,,,250;1407,554,641,225;5007,216,270,;1609,,363,;0301,,348,;0111,434,564,158;1418,615,,288;2608,,347,;2602,349,,205;5009,308,347,245;4405,391,427,;0502,270,162,;1313,,438,;0901,379,385,;4301,374,386,195;5220,721,697,
236948:1101,672,716,151;4227,344,,154;1107,1017,1012,154;4510,380,379,133;4506,496,510,145;0901,378,393,150;5122,363,372,155;5208,592,639,139;2602,288,317,140;4511,360,370,182;1410,739,710,140;2601,324,319,138;2604,334,332,135;2701,432,469,150;4507,436,362,175;5214,483,470,150;0301,304,311,159;0501,365,333,148;4008,385,466,154;1301,479,,142;2703,,688,;5007,303,272,130;5138,757,722,125;5401,289,288,150;5203,528,577,148;1419,666,612,144;1408,654,663,150;1312,375,,152;2301,278,317,150;2200,371,410,145;4006,381,359,190;2605,361,321,138;1405,509,399,140;5213,540,573,;3801,363,337,135;5102,202,267,125;4005,332,376,151;1407,710,608,171;2613,309,367,;1601,335,254,;0502,292,314,126;0402,431,491,197;1402,658,680,124;5006,,340,;4501,473,534,183;1418,,707,195;2615,300,240,133;1603,280,297,;4407,354,375,134;4502,308,313,117;1409,1376,1203,154;0904,304,336,137;1435,701,662,167;1609,279,333,140;2313,249,257,140;5107,382,475,138;5004,495,573,123;5005,202,313,;5207,,733,;1442,703,727,;5110,664,634,130;5210,569,506,;0403,396,383,;3031,,926,;5003,,137,;1313,,434,;5202,447,487,137;2401,271,302,151;5109,1211,1213,286;1108,281,297,150;3000,266,278,147;3020,276,335,173;4201,309,338,143;4301,426,338,116;4512,442,419,158;5100,374,349,113;5212,615,668,
237011:4201,279,298,187;0301,254,280,204;1101,698,813,186;2313,225,229,176;4511,262,301,192;5202,422,485,167;5214,405,420,172;3099,228,235,175;1310,493,458,270;4510,291,338,187;0901,325,351,179;1313,465,448,247;1312,501,453,200;4506,382,392,185;5401,246,254,171;0904,345,307,182;3000,287,338,216;5007,245,257,195;5203,462,496,206;2601,223,,170;4502,278,250,217;5111,264,297,177;2301,229,272,166;5004,398,461,198;1609,273,279,175;4006,346,301,230;5212,526,573,217;1601,246,286,198;3105,276,314,177;2604,331,311,166;4005,348,377,200;5005,275,228,195;5208,411,457,191;5102,262,264,143;5211,354,405,202;5009,216,182,201;2615,,252,220;2701,238,410,198;2602,345,,202;3801,198,252,;1603,279,,;3033,294,,191;1436,664,,213;2613,,,220;4008,439,484,;5138,715,765,94;0501,237,252,150;4507,299,,200;1605,,347,;2703,364,361,;2401,259,297,;1410,686,,240
237057:2601,201,230,;4510,205,340,168;4506,386,427,165;2301,,189,;4511,,340,200;5006,,252,;4201,295,276,150
237066:1312,423,407,268;4201,279,247,243;5202,451,436,270;4511,306,281,260;4005,275,340,260;1107,483,645,270;2601,231,284,207;5138,652,705,144;0901,,,215;2701,468,438,270;2301,303,,246;1609,,297,245;4510,,252,210;5009,,192,260;4008,,547,195;5214,434,351,266;3802,234,215,239;5203,539,577,270;5401,,,270;3105,,215,228;5007,,261,;2401,406,351,318
238032:5138,612,615,230;3105,279,345,249;1419,659,655,260;4504,,315,;0904,334,348,242;2401,327,303,202;4201,255,269,225;5208,439,474,242;5202,452,401,250;5214,445,439,228;2601,264,272,205;1435,663,680,250;5201,404,442,253;1408,621,581,223;5203,439,501,223;1402,660,652,272;5102,,,238;0109,255,308,195;4304,,403,241;4510,285,306,214;1107,545,661,230;1425,745,613,260;0306,294,282,197;1313,330,303,243;5122,,,220;1410,694,680,222;2301,187,249,213;5004,354,380,250;5212,565,587,209;0101,379,329,238;5007,246,177,232;5009,250,286,240;4407,324,306,248;0111,325,258,250;5005,193,195,195;1312,,,241;1409,689,601,230;1407,635,620,224;5401,240,261,215;2602,,,215;1907,261,258,250;5107,,,260;0302,396,,222;4005,281,433,240;2701,435,,;5110,550,569,246;3103,196,,;5106,538,618,260;5206,379,515,;3099,319,322,237;4511,322,225,223;0305,406,335,205;4006,419,370,227;5209,389,,253;3801,,243,;4507,308,308,231;0406,508,465,;1101,653,,;1601,322,361,209;4301,298,,
238333:4201,267,281,265;5206,,383,270;4510,249,257,264;4005,284,408,220;2313,203,194,260;1301,337,309,245;4509,,269,;1609,,324,;4502,,205,245;0502,,252,;4511,311,240,270;5007,,201,;5401,,264,
239017:5009,,201,190;2601,,252,120;4201,,223,150;4506,,540,;4510,,297,;2301,,227,;5401,,280,;2602,,290,
239105:2601,236,334,245;5208,577,631,216;5138,631,629,220;4201,321,368,242;5214,510,523,260;0909,394,400,243;4510,381,379,215;1419,671,657,265;4504,356,355,250;1405,664,666,270;5203,603,619,250;1101,607,625,218;5202,533,570,250;5102,,,260;1312,427,400,233;5215,,521,195;5401,289,379,194;4506,,436,224;5206,546,573,230;1408,615,638,268;1409,737,734,248;0901,385,340,200;1410,702,686,259;1609,326,372,195;0904,319,340,252;1313,437,,251;4509,374,,208;4511,358,348,250;2313,384,316,250;5210,488,473,;3801,,297,;5211,522,565,220;4407,347,326,195;5005,165,208,;5110,582,581,;5207,,630,;2701,389,451,205;0907,307,316,
239318:1419,625,661,270;1409,704,729,270;1410,683,683,270;5138,631,600,250;1405,630,582,270;1435,633,667,270;5202,531,444,;1407,497,412,270;5220,720,630,
240268:5202,431,473,206;4201,284,311,208;5214,456,454,195;5138,625,620,186;5208,517,530,203;2601,281,310,203;5102,239,252,191;1101,640,699,205;1312,385,379,236;1310,406,410,270;5203,553,544,224;3105,291,301,228;2301,335,290,234;4301,379,363,204;4407,372,337,195;1609,350,417,226;5009,339,385,256;5007,290,318,244;5212,555,588,214;2701,433,449,236;5107,603,614,219;4507,286,333,210;1313,411,340,194;0901,319,367,223;4510,294,290,198;4006,342,311,210;5401,293,264,229;2602,455,,;4506,418,416,219;4511,282,306,212;4005,397,400,231;5211,383,503,;5122,434,442,;4008,489,340,;0904,295,331,;2401,358,260,;0501,,318,;5109,359,,
240329:2601,326,349,230;5208,477,504,205;3105,301,323,215;4201,288,296,213;5214,402,423,227;1312,379,394,201;5202,418,458,233;0901,353,371,219;5203,540,572,205;5122,376,345,268;5123,342,381,200;1101,657,686,215;4510,,326,205;4511,261,272,216;5109,673,573,255;2605,415,370,255;1609,377,374,242;2602,,311,214;4506,442,461,232;2301,314,291,210;1313,375,394,255;5110,566,585,195;4507,371,365,204;2701,425,478,230;5007,258,282,191;5212,486,568,;3103,293,343,217;4005,,440,;5401,293,329,236;4404,421,340,186;4008,465,432,195;5005,,235,;5211,476,427,194;5009,,390,;3801,,201,
240365:5138,623,596,231;1312,392,400,253;5202,487,540,225;4201,297,269,237;5208,489,492,223;5214,442,461,195;2601,324,320,205;4301,429,376,238;1313,389,,250;4506,513,502,241;4407,372,343,229;0901,421,354,260;5210,498,476,178;1310,407,411,255;5203,540,549,186;0907,264,264,223;5401,380,,219;2301,299,252,250;2401,411,,250;5007,258,284,244;0301,268,252,;5109,475,,240;0909,,,222;4510,345,,249;1609,387,372,;0904,322,347,;1110,477,444,243;4502,,,220;5110,,551,
240444:1101,729,753,205;4506,481,495,205;4201,316,325,205;5208,615,650,202;2601,309,286,205;4510,358,378,205;2615,291,,212;5214,538,596,200;0901,360,359,205;5138,659,648,207;2701,518,521,201;5202,533,613,200;0904,420,396,215;2602,349,369,200;3105,279,308,240;5215,697,739,201;1419,702,716,195;0301,274,292,189;1609,319,364,200;1907,292,333,205;2705,,630,243;5203,616,623,203;5401,288,351,195;1435,741,729,235;1409,788,820,;2200,375,399,200;1405,636,560,205;4511,378,356,172;2608,339,372,195;1407,725,734,216;2301,292,303,200;1410,706,684,225;1408,662,675,215;3020,290,328,177;5102,215,240,252;1312,406,386,215;2605,368,383,215;5007,308,282,168;4407,262,326,205;3801,357,282,215;5213,705,788,223;4005,381,473,223;2613,235,249,195;3019,282,329,205;2607,279,284,233;5123,328,333,215;1418,649,669,202;0109,355,365,250;4008,459,383,205;0502,299,255,193;5009,,282,;4507,317,348,187;5212,,,192;4502,316,235,162;5211,534,640,;0501,321,279,202;1909,,434,;1603,,427,;5004,437,459,179;0101,475,445,125;4006,394,534,243;1310,419,421,205;0306,214,235,;4002,,264,200;1313,,340,;5005,,297,;1601,,182,;1423,,496,;0111,,351,;3802,,208,;0406,,504,
240453:5214,413,428,225;4201,323,299,239;5138,612,609,215;5208,453,439,238;0901,337,354,230;5110,576,582,268;1104,450,474,215;1301,368,378,284;4301,364,400,245;5202,469,514,226;1419,645,662,246;1107,631,580,270;2601,301,283,260;5007,297,287,260;5006,208,223,260;0402,419,407,242;4407,346,327,258;5203,461,495,230;5210,414,442,230;4510,337,312,205;1408,588,575,256;3105,316,310,218;2301,272,271,244;5212,472,509,243;0301,292,287,269;1410,658,678,270;4506,412,477,251;5401,,312,231;4511,334,306,226;5123,320,,231;2602,237,340,228;5107,406,387,280;5005,207,,270;1405,,,233;3020,338,331,233;5102,,,215;4502,241,279,245;1313,399,376,270;5009,205,260,221;1435,638,642,185;1609,349,337,205;1310,440,,180;2701,461,538,253;4006,297,333,265;1409,715,725,;5003,234,212,257;0502,228,290,260;3801,,277,245;1418,612,,;1601,,304,210;3099,315,301,230;3802,289,246,;4507,334,275,224;5213,,521,;2605,,297,;3019,325,,285;4005,373,351,;5201,388,390,270;1101,522,,;2401,324,316,279
240727:5138,637,664,171;4201,265,267,181;1312,396,346,148;1313,402,386,171;3105,277,286,186;4301,369,357,194;5202,394,421,136;5203,448,490,177;5214,333,407,195;1419,603,587,220;0301,,266,166;2607,260,289,192;5208,417,450,200;2301,277,326,188;0109,333,275,178;0901,303,299,118;0101,380,383,142;5213,413,390,147;2601,284,354,157;2401,,,250;4407,322,393,184;4510,,324,202;1408,571,555,235;5401,324,315,180;1107,589,615,141;5007,295,351,159;1407,540,473,;4006,451,383,190;5102,,,195;3020,265,286,145;4511,315,,173;0111,,383,;2605,329,252,;4502,,324,;2701,451,363,;1425,772,739,242;5106,630,584,75;1410,,630,188;5005,226,,179;1609,313,304,;5206,,361,;0904,,340,;0103,,397,;4501,275,293,164;4507,295,,
240754:5202,,219,161;5138,,496,;5203,,333,;2301,,236,
243221:2601,,119,55;4201,123,185,55;5203,,157,58;1601,202,129,55;5214,210,233,55;1312,167,,55;5210,219,,55;4407,,149,55;1313,143,170,55;5208,296,221,;4510,,,68;5005,162,137,;5007,94,94,55;0909,,185,55;3099,,176,;1310,183,201,
243744:1107,1361,1365,104;4506,605,854,125;1499,559,580,75;4510,464,399,117;1515,772,926,;3025,,926,75;4509,604,582,;2601,367,252,;1419,670,783,;1410,,847,;2703,,971,;2301,443,236,;0502,480,311,;5401,,329,;1407,,917,;4201,514,404,
243780:1107,817,860,191;1419,736,713,195;1508,647,598,195;1402,625,636,215;1409,768,724,229;4227,290,273,185;1435,708,701,184;1101,676,685,195;2601,316,336,195;1108,354,374,201;5208,538,416,215;2705,687,534,193;1410,734,693,178;5138,576,582,195;1408,661,627,195;1407,760,699,215;5202,527,542,195;0901,376,351,174;5213,692,640,186;0109,322,329,195;4506,517,506,231;4511,358,361,195;5214,583,,183;4901,481,418,195;0101,491,469,158;1405,622,640,195;4510,342,419,195;1312,392,378,175;5203,568,569,195;5209,413,451,189;1907,290,316,140;2701,437,484,188;5102,226,215,195;5122,300,351,210;1418,693,685,221;4005,408,354,195;1503,660,630,232;5004,422,383,195;1515,579,667,162;1313,417,398,195;1414,629,,163;0303,218,201,194;4008,,,212;2301,277,240,188;2313,299,201,189;2602,444,383,177;2615,,252,176;5120,351,416,175;2608,397,,150;1609,,324,;4006,335,,150;5401,240,188,205;1499,618,587,198;5131,388,361,203;5006,324,308,174;0301,385,340,195;0102,518,480,197;0103,481,434,133;1423,639,,203;3105,270,252,205;0406,,469,;1310,393,,260;4502,200,,175;0111,321,,;1601,,188,;5007,207,,;5100,426,,;5199,318,405,220;0305,360,,;2401,500,400,;2613,227,,;5005,250,,;1500,519,620,;4201,279,208,
262129:2401,180,224,155
366711:5202,452,436,195;4201,291,281,178;5138,908,881,242;4511,300,297,150;4504,313,334,148;0901,358,355,145;2601,322,356,238;1907,275,298,174;2401,236,272,162;1107,590,710,125;3105,292,309,175;1312,291,,150;5001,255,229,186;5102,,,150;5401,195,279,168;4510,330,335,177;2301,256,300,155;0301,317,,133;4506,456,433,186;2602,466,419,210;4501,336,274,150;1609,286,252,90;4502,271,,163;4008,,573,190;2604,372,324,195;4509,282,,;5201,386,442,210;5203,593,553,205;5208,453,495,163;5211,412,,160;5212,453,,150;5214,423,422,180
409698:5202,460,461,130;2401,293,325,133;4201,289,289,110;1107,594,615,160;3105,263,278,128;2601,317,282,190;4501,316,346,110;0301,289,326,165;3032,276,300,171;1907,,,110;0907,212,267,153;5138,1093,765,55;5004,246,404,139;1609,,246,;2701,373,340,165;5007,263,236,149;5209,442,,110;5009,,,173;3020,293,,141;1101,550,600,
413413:5138,743,737,112;5202,636,632,210;4201,350,361,254;5107,526,555,277;5210,531,536,251;1110,786,840,316;5203,449,468,230;1101,705,674,258;4301,414,427,256;5208,490,553,;5214,476,392,380;4303,527,722,
433387:5138,743,754,95;5202,587,594,148;1312,346,310,;1110,,,101;5107,,,149;5203,503,490,159;1310,394,375,179;1107,,,70;1101,749,741,166;5214,509,511,129;1313,401,393,170;1108,,,126;1301,362,352,155
433660:3000,288,,181;4201,290,301,172;5202,396,379,190;5100,334,366,175;4301,311,347,200;0901,326,340,175;2601,242,270,218;5208,477,475,193;5214,384,415,183;5209,374,346,195;4304,,329,191;1312,440,430,180;1409,579,597,215;5138,603,624,176;5203,478,473,150;5212,404,421,196;3105,289,405,150;4407,341,358,175;5122,296,262,175;1301,356,304,188;0301,294,293,185;2203,309,304,200;1408,548,573,171;2301,281,226,167;4510,286,347,195;0302,233,244,216;4506,349,390,115;1414,549,573,200;0907,326,281,195;1405,489,468,178;5401,299,282,214;5007,225,286,207;4511,316,309,;1313,,448,;5110,549,549,;2701,,252,;1310,431,441,242
441937:4201,289,287,150;5100,286,,145;5202,430,400,150;4511,346,351,147;2401,264,323,179;0901,354,342,134;2601,332,334,184;5138,918,896,152;1107,659,736,188;5007,224,318,130;2301,242,246,130;5401,208,240,159;2701,,,171;4510,254,354,155;4005,414,353,213;1609,325,383,;1101,,473,;4502,268,,194;4506,,582,;5001,,252,;0302,411,427,192
445188:2601,297,314,180;1409,547,553,190;5202,412,419,160;1419,559,514,185;5122,321,,153;4201,237,287,165;4510,285,306,171;4511,245,302,175;3025,279,290,201;4005,374,297,145;1405,384,397,208;2703,328,,155;2301,,,240;4506,308,430,193;1414,409,387,206;4502,279,264,;5401,,144,155;4006,403,,
449339:5202,542,547,230;4301,494,519,209;4303,520,539,249;3105,476,383,253;1110,635,602,268;4201,379,361,276;0301,452,431,243;1101,564,521,259;1907,277,211,351;3020,568,565,223;2401,647,499,;5401,490,438,303;5122,393,423,306;5138,747,630,161;4511,391,392,217;1508,520,546,266;5203,428,406,363;2301,349,308,280;2200,416,421,305;4510,467,541,217;5214,430,367,315;4302,620,765,237;4304,,461,321;5207,473,,;5209,400,361,313;3802,,473,;4509,540,473,149
450933:5202,503,491,240;4302,701,697,209;4301,528,487,202;5107,464,452,236;5210,482,489,219;1101,471,581,235;1110,,,198;4303,,,216;0301,601,623,221;5109,,,201
459994:5201,472,501,431;1101,597,611,375;4301,385,404,416;5203,474,444,416;1104,665,654,403;5202,,515,
476975:5202,594,600,245;1101,602,661,224;5210,551,592,250;5203,521,531,265;5107,481,502,297;5214,429,491,212;4301,500,504,251;0901,460,513,232;4501,407,405,269;4404,685,610,;5212,769,720,239
479956:4201,297,305,260;5201,425,405,256;5210,488,516,270;1104,605,632,260;1110,652,690,260;5208,612,650,250;4506,459,519,245;4301,341,353,255;5203,512,528,252;5138,678,694,233;1907,290,302,270;5107,451,448,250;2200,442,438,318;4501,,,254;4509,395,399,244;4510,375,346,250;5214,514,524,249;0909,429,414,233;0302,620,,;1409,764,712,265;0101,474,400,260;5401,271,316,260;0106,459,447,258;2401,334,345,265;0901,321,308,250;3103,337,351,230;0904,331,326,244;2601,286,327,257;4227,279,294,254;5001,255,275,242;1419,654,659,267;2301,251,298,250;4006,506,517,256;5007,214,262,270;5202,494,476,250
482477:5202,471,465,357;5201,484,482,405;1503,610,617,430;5107,367,401,440;1108,295,299,419;5203,435,424,459;4301,373,347,470;1409,447,389,;0901,,421,450;5110,603,587,
482936:1419,525,,;1108,567,,79
483124:4201,332,331,195;5138,664,657,219;5202,515,522,205;0901,400,398,192;2601,283,295,188;2401,408,459,233;0907,,,218;4301,376,379,202;2301,322,328,214;4511,355,355,220;5111,309,342,229;3099,391,393,214;4510,376,401,195;1110,589,,313;1410,706,695,243;1409,714,758,250;5102,250,264,194;5401,368,303,235;4507,393,398,243;5007,286,263,200;4502,272,302,200;5107,,,154;1905,305,319,216;0403,423,355,234;2602,314,302,188;4405,371,366,195;4506,466,478,165;0301,356,389,185;1609,331,303,203;5100,292,,240;5006,273,257,193;3020,362,395,188;2313,494,376,235;5122,385,,215;3801,368,383,242;5211,,,160;1515,657,658,281;2200,352,340,225;5214,449,494,162;5213,578,630,175;1101,608,646,150;3802,320,,210;0502,284,294,205;4008,355,412,215;5001,272,342,215;5203,519,560,169;1003,368,364,190;1107,727,776,195;1419,662,663,190;4005,343,366,214;5004,381,429,207
484473:5202,466,448,150;5138,606,596,165;0909,402,401,153;1101,767,790,150;4201,230,240,166;3105,320,395,150;4302,617,,;4504,299,346,152;4511,266,299,150;2605,238,231,149;3099,247,243,148;0907,308,334,150;5122,262,322,155;5102,221,,150;4006,384,343,197;2601,195,177,150;4502,213,259,145;3103,338,358,162;4507,357,360,164;5001,308,480,187;0904,361,347,165;1419,672,674,181
486840:4201,297,299,240;5202,463,422,250;1419,627,630,250;1312,403,392,250;2601,308,306,250;5138,649,636,188;3105,301,319,221;5203,500,497,249;1101,546,611,250;5214,444,424,222;1107,627,685,201;0909,379,336,227;3099,315,339,243;5208,490,476,244;4301,373,354,211;0907,,,255;5220,648,624,260;1409,643,630,233;1410,695,647,260;4510,298,353,239;1313,413,406,244;1104,501,555,239;1408,621,597,245;2301,255,289,246;4511,335,309,273;5007,284,308,223;1500,621,663,288;0904,314,,215;1508,616,598,230;1442,,,284;0402,513,521,310;5401,320,281,255;1102,282,513,249;5001,240,329,;5005,196,212,250;5122,,,253;1110,626,678,250;4005,308,395,199;4507,372,427,356;4509,280,304,215;5003,181,,218;5206,439,555,198;1503,637,618,294;2602,344,324,236;5009,201,183,242;5211,464,401,260;4502,230,207,215;2703,,,208;5207,,421,;2701,452,480,;5209,311,,270;0901,336,367,270
489779:5202,479,455,357;5107,408,380,306;5100,366,354,259;4301,419,363,306;3099,463,,195;5131,332,319,271;5138,682,738,264;5203,436,416,393;4407,,,380;1101,511,508,451;2203,378,342,349;1110,,,425;4302,735,734,294;5210,,,327;5208,,,471;0907,373,,306;0301,698,383,325;1312,262,243,575;2200,357,304,517;2401,446,453,;4201,308,285,575
490805:5138,666,651,179;1312,388,383,245;0901,311,232,250;2601,295,252,231;5203,404,368,229;5210,382,,258;5214,,,252;1419,645,623,224;5202,353,392,269;4201,270,263,215;1508,617,582,208;1101,377,,182;5208,,,189;2401,333,,230;5100,280,,200;1410,687,728,251;5209,298,267,229;1503,651,624,260;1408,,521,250;4511,350,306,226;1108,292,,;2301,235,264,206;1907,269,281,263;5401,,297,;4407,245,267,;1515,524,427,;2701,474,,;1601,,188,;4510,354,284,;1301,397,413,;5212,586,,
